0,0,0,0,0,0,0,0,0,1.0000000000000002
0,0,0,0,0,0,0,0,0.10164645461817978,0.8983535453818203
0,0,0,0,0,0,0,0.28344222643025535,0,0.7165577735697448
0,0,0,0,0,0,0,0.19188059667378393,0.12317505025705941,0.6849443530691568
0,0,0,0,0,0,0.11110523401640282,0,0,0.8888947659835971
0,0,0,0,0,0,0.11110523401640282,0,0.10164645461817978,0.7872483113654174
0,0,0,0,0,0,0.061651960369880174,0.28344222643025535,0,0.6549058131998646
0,0,0,0,0,0,0.061651960369880174,0.19188059667378393,0.21146406360068684,0.5350033793556491
0,0,0,0,0,0.17871394297033058,0,0,0,0.8212860570296695
0,0,0,0,0,0.12153785626764683,0,0,0.17930040388545582,0.6991617398468974
0,0,0,0,0,0.2319276884599717,0,0.19809693593871616,0,0.5699753756013122
0,0,0,0,0,0.17475160175728793,0,0.10653530618224477,0.20082899952433544,0.5178840925361319
0,0,0,0,0,0.10860074615023296,0.14901074212901008,0,0,0.742388511720757
0,0,0,0,0,0.051424659447549245,0.14901074212901008,0,0.17930040388545582,0.6202641945379848
0,0,0,0,0,0.16181449163987405,0.09955746848248745,0.19809693593871616,0,0.5405311039389225
0,0,0,0,0,0.10463840493719033,0.09955746848248745,0.10653530618224477,0.28911801286796285,0.4001508075301146
0,0,0,0,0.2641334581238746,0,0,0,0,0.7358665418761254
0,0,0,0,0.28989646481059933,0,0,0,0.07873233488937838,0.6313712003000225
0,0,0,0,0.13552290993922292,0,0,0.24351156101373214,0,0.620965529047045
0,0,0,0,0.16128591662594757,0,0,0.15194993125726075,0.10118442680709547,0.5855797253096964
0,0,0,0,0.24418337057220615,0,0.11033377041398801,0,0,0.6454828590138058
0,0,0,0,0.2699463772589309,0,0.11033377041398801,0,0.07873233488937838,0.5409875174377028
0,0,0,0,0.11557282238755444,0,0.06088049676746535,0.24351156101373214,0,0.5800351198312481
0,0,0,0,0.1413358290742791,0,0.06088049676746535,0.15194993125726075,0.1894734401507229,0.45636030275027195
0,0,0,0,0.28775611148753594,0.11604312546596571,0,0,0,0.5962007630464984
0,0,0,0,0.21740898633789588,0.11057264121145179,0,0,0.15638628415665443,0.515632088293998
0,0,0,0,0.1533218691784065,0.16925687095560682,0,0.1630079358865223,0,0.5144133239794644
0,0,0,0,0.08297474402876638,0.16378638670109286,0,0.07144630613005093,0.17883837607437153,0.5029541870657184
0,0,0,0,0.25273657445788933,0.06099937812384627,0.14823927852659527,0,0,0.5380247688916691
0,0,0,0,0.18238944930824924,0.05552889386933234,0.14823927852659527,0,0.15638628415665443,0.45745609413916877
0,0,0,0,0.11830233214875983,0.11421312361348737,0.09878600488007262,0.1630079358865223,0,0.5056906034711579
0,0,0,0,0.04795520699911975,0.10874263935897344,0.09878600488007262,0.07144630613005093,0.26712738941799896,0.4059424532137844
0,0,0,0.09373951447665635,0,0,0,0,0,0.9062604855233438
0,0,0,0.09373951447665635,0,0,0,0,0.07517813018770547,0.8310823553356383
0,0,0,0.09514268231884336,0,0,0,0.2588905247335887,0,0.6459667929475681
0,0,0,0.09514268231884336,0,0,0,0.16732889497711728,0.0967067258265851,0.6408216968774543
0,0,0,0.09373951447665635,0,0,0.17506460841262386,0,0,0.7311958771107199
0,0,0,0.09373951447665635,0,0,0.12235139207321843,0,0.1278913465271109,0.6560177469230142
0,0,0,0.09514268231884336,0,0,0.12561133476610123,0.2588905247335887,0,0.5203554581814668
0,0,0,0.09514268231884336,0,0,0.07289811842669579,0.16732889497711728,0.237708955509618,0.42692134876772564
0,0,0,0.08789817603716629,0,0.17932152926150646,0,0,0,0.7327802947013274
0,0,0,0.07863941487052137,0,0.13140420372546768,0,0,0.1528320794549815,0.6371243019490294
0,0,0,0.08930134387935332,0,0.23253527475114755,0,0.1735452342420495,0,0.5046181471274497
0,0,0,0.08004258271270838,0,0.18461794921510877,0,0.08198360448557812,0.17436067509386116,0.47899518849274364
0,0,0,0.11895081278597748,0,0.11670094076880932,0.17442487144901947,0,0,0.5899233749961937
0,0,0,0.10969205161933254,0,0.06878361523277053,0.12171165510961407,0,0.20554529579438693,0.494267382243896
0,0,0,0.12035398062816449,0,0.1699146862584504,0.12497159780249684,0.1735452342420495,0,0.4112145010688388
0,0,0,0.11109521946151955,0,0.12199736072241162,0.07225838146309141,0.08198360448557812,0.31536290477689394,0.29730252909050525
0,0,0,0.17181349309914973,0.14849186363008665,0,0,0,0,0.6796946432707637
0,0,0,0.17181349309914973,0.1742548703168113,0,0,0,0.07873233488937838,0.5751993016946607
0,0,0,0.07528985462731505,0.1178081217594566,0,0,0.2189598593170655,0,0.5879421642961629
0,0,0,0.07528985462731505,0.14357112844618128,0,0,0.12739822956059413,0.10118442680709547,0.5525563605588142
0,0,0,0.17181349309914973,0.12854177607841819,0,0.17429314481020902,0,0,0.525351586012223
0,0,0,0.17181349309914973,0.15430478276514284,0,0.12157992847080362,0,0.13144555122878382,0.42085624443612
0,0,0,0.07528985462731505,0.09785803420778812,0,0.12483987116368639,0.2189598593170655,0,0.48305238068414497
0,0,0,0.07528985462731505,0.1236210408945128,0,0.07212665482428096,0.12739822956059413,0.24218665649012835,0.35937756360316875
0,0,0,0.16597215465965967,0.18137327816039292,0.11665071175714162,0,0,0,0.5360038554228058
0,0,0,0.15671339349301475,0.1110261530107528,0.12043898866927262,0,0,0.15638628415665443,0.4554351806703055
0,0,0,0.069448516187825,0.1448658421652851,0.1698644572467827,0,0.13845623418985567,0,0.4773649502102515
0,0,0,0.060189755021180055,0.074518717015645,0.1736527341589137,0,0.04689460443338428,0.17883837607437153,0.4659058132965055
0,0,0,0.19702479140847085,0.14635374113074628,0.06909957274242262,0.17365340784660466,0,0,0.4138684868717556
0,0,0,0.18776603024182592,0.07600661598110618,0.07288784965455362,0.12094019150719923,0,0.20909950049605985,0.3332998121192552
0,0,0,0.10050115293663618,0.10984630513563845,0.12231331823206373,0.12420013420008201,0.13845623418985567,0,0.40468285530572395
0,0,0,0.09124239176999124,0.03949917998599837,0.12610159514419472,0.07148691786067658,0.04689460443338428,0.31984060575740436,0.30493470504835046
0,0,0.11133693104576081,0,0,0,0,0,0,0.8886630689542392
0,0,0.18668856541189965,0,0,0,0,0,0.08063057660424564,0.7326808579838547
0,0,0.18588751227342698,0,0,0,0,0.2816168529265113,0,0.5324956348000617
0,0,0.2612391466395659,0,0,0,0,0.1900552231700399,0.0839031930170896,0.4648024371733047
0,0,0.11133693104576081,0,0,0,0.10146744104600855,0,0,0.7871956279082306
0,0,0.1716012474121023,0,0,0,0.10146744104600855,0,0.09571789460404302,0.6312134169378462
0,0,0.13317429593402158,0,0,0,0.0520141673994859,0.2816168529265113,0,0.5331946837399812
0,0,0.19343861230036308,0,0,0,0.0520141673994859,0.1900552231700399,0.18727952436051437,0.37721247276959674
0,0,0.09500818682445811,0,0,0.16848747882852874,0,0,0,0.7365043343470133
0,0,0.14991963075250134,0,0,0.08177029573565966,0,0,0.1371019226447461,0.631208150867093
0,0,0.17396402623368812,0,0,0.22170122431816985,0,0.1962715624349721,0,0.40806318701316996
0,0,0.22887547016173132,0,0,0.13498404122530078,0,0.10470993267850073,0.14037453905759006,0.3910560168768771
0,0,0.09500818682445811,0,0,0.09837428200843115,0.13937294915861584,0,0,0.667244582008495
0,0,0.13483231275270396,0,0,0.011657098915562075,0.13937294915861584,0,0.1521892406445435,0.5619483985285746
0,0,0.12125080989428269,0,0,0.15158802749807224,0.08991967551209318,0.1962715624349721,0,0.44096992466057977
0,0,0.16107493582252855,0,0,0.06487084440520316,0.08991967551209318,0.10470993267850073,0.24375087040101484,0.3356737411806595
0,0,0.08599087348881479,0,0.281472130245512,0,0,0,0,0.6325369962656735
0,0,0.16134250785495363,0,0.30762068040767127,0,0,0,0.05416225217377134,0.4768745595636038
0,0,0.13307429662416126,0,0.18941533833980248,0,0,0.27677518756218195,0,0.40073517747385434
0,0,0.2084259309903001,0,0.21556388850196176,0,0,0.18521355780571055,0.05835836486545275,0.33243825783657477
0,0,0.08599087348881479,0,0.22295233540438106,0,0.11033377041398801,0,0,0.5807230206928162
0,0,0.1462551898551563,0,0.2491008855665403,0,0.11033377041398801,0,0.06924957017356871,0.4250605839907467
0,0,0.08036108028475583,0,0.13089554349867158,0,0.06088049676746535,0.27677518756218195,0,0.4510876918869253
0,0,0.14062539665109733,0,0.15704409366083086,0,0.06088049676746535,0.18521355780571055,0.16173469620887754,0.2945017589060184
0,0,0.04181805477526381,0,0.2931712975694344,0.14558422185615105,0,0,0,0.5194264257991508
0,0,0.09672949870330705,0,0.2232097158952289,0.11057264121145179,0,0,0.1106335982142718,0.45885454597574044
0,0,0.09330673609217409,0,0.19529081153924716,0.19879796734579216,0,0.1962715624349721,0,0.3163329225878145
0,0,0.1482181800202173,0,0.1253292298650417,0.16378638670109286,0,0.10470993267850073,0.11482971090595323,0.34312655982919416
0,0,0.04181805477526381,0,0.21958205325032532,0.0905404745140316,0.14823927852659527,0,0,0.499820138933784
0,0,0.08164218070350968,0,0.14962047157611982,0.05552889386933234,0.14823927852659527,0,0.1257209162140692,0.43924825911037374
0,0,0.04059351975276866,0,0.12170156722013808,0.14375422000367272,0.09878600488007262,0.1962715624349721,0,0.3988931257083758
0,0,0.08041764568101452,0,0.051739985545932614,0.10874263935897344,0.09878600488007262,0.10470993267850073,0.218206042249378,0.3373977496061281
0,0,0.107235579187373,0.08968439805000163,0,0,0,0,0,0.8030800227626256
0,0,0.18258721355351187,0.08968439805000163,0,0,0,0,0.05416225217377134,0.6735661362227153
0,0,0.18038299257285217,0.09785529328219529,0,0,0,0.25706515122984464,0,0.4646965629151079
0,0,0.25573462693899107,0.09785529328219529,0,0,0,0.16550352147337324,0.0574348685866153,0.42347168971882515
0,0,0.107235579187373,0.06321607361952732,0,0,0.1654268154422296,0,0,0.66412153175087
0,0,0.16749989555371447,0.06321607361952732,0,0,0.11271359910282416,0,0.12196278651297414,0.5346076452109599
0,0,0.12766977623344677,0.071386968851721,0,0,0.11597354179570694,0.25706515122984464,0,0.4279045618892807
0,0,0.18793409259978827,0.071386968851721,0,0,0.06326032545630152,0.16550352147337324,0.21352441626944552,0.29839067534937047
0,0,0.0909068349660703,0.08384305961051157,0,0.16909506511970465,0,0,0,0.6561550403037136
0,0,0.14581827889411356,0.07458429844386663,0,0.0916366431934805,0,0,0.1106335982142718,0.5773271812542676
0,0,0.1684595065331133,0.09201395484270525,0,0.22230881060934574,0,0.17171986073830545,0,0.3454978672765303
0,0,0.22337095046115651,0.08275519367606031,0,0.1448503886831216,0,0.08015823098183408,0.11390621462711575,0.3549590215707118
0,0,0.0909068349660703,0.08842737192884845,0,0.10647447662700749,0.1647870784786252,0,0,0.5494042379994485
0,0,0.13073096089431618,0.07916861076220351,0,0.02901605470078336,0.1120738621392198,0,0.17843413255347462,0.47057637895000265
0,0,0.11574629019370787,0.09659826716104213,0,0.1596882221166486,0.11533380483210257,0.17171986073830545,0,0.3409135549581934
0,0,0.15557041612195371,0.08733950599439719,0,0.08222980019042445,0.06262058849269714,0.08015823098183408,0.269995762309946,0.2620856959087474
0,0,0.08188952163042698,0.167758376672495,0.1658305357517239,0,0,0,0,0.5845215659453542
0,0,0.15724115599656585,0.167758376672495,0.1919790859138832,0,0,0,0.05416225217377134,0.42885912924328456
0,0,0.12756977692358645,0.07800246559066697,0.17170055016003616,0,0,0.2522234858655153,0,0.37050372146019517
0,0,0.2029214112897253,0.07800246559066697,0.19784910032219546,0,0,0.1606618561090439,0.05835836486545275,0.3022068018229156
0,0,0.08188952163042698,0.14129005224202068,0.10731074091059302,0,0.17429314481020902,0,0,0.4952165404067503
0,0,0.14215383799676848,0.14129005224202068,0.1334592910727523,0,0.12157992847080362,0,0.12196278651297414,0.3395541037046808
0,0,0.07485656058418103,0.05153414116019267,0.11318075531890527,0,0.12483987116368639,0.2522234858655153,0,0.3833651859075194
0,0,0.13512087695052252,0.05153414116019267,0.13932930548106456,0,0.07212665482428096,0.1606618561090439,0.214447912548283,0.2267792529266124
0,0,0.03771670291687601,0.16191703823300493,0.18678846424229129,0.14619180814732696,0,0,0,0.46738598646050084
0,0,0.09262814684491924,0.15265827706635998,0.11682688256808581,0.12043898866927262,0,0,0.1106335982142718,0.4068141066370905
0,0,0.08780221639159927,0.07216112715117692,0.18683478452612579,0.19940555363696805,0,0.17171986073830545,0,0.28207645755582456
0,0,0.1427136603196425,0.06290236598453199,0.1168732028519203,0.1736527341589137,0,0.08015823098183408,0.11482971090595323,0.30887009479720423
0,0,0.03771670291687601,0.1665013505513418,0.11319921992318221,0.09864066913260797,0.17365340784660466,0,0,0.4102886496293874
0,0,0.07754082884512187,0.15724258938469687,0.04323763824897673,0.07288784965455362,0.12094019150719923,0,0.17843413255347462,0.34971676980597705
0,0,0.03508900005219385,0.0767454394695138,0.1132455402070167,0.15185441462224908,0.12420013420008201,0.17171986073830545,0,0.32714561071063913
0,0,0.07491312598043971,0.06748667830286886,0.04328395853281123,0.12610159514419472,0.07148691786067658,0.08015823098183408,0.2709192585887834,0.2656502346083914
0,0.16614486996058436,0,0,0,0,0,0,0,0.8338551300394157
0,0.12356667002184187,0,0,0,0,0,0,0.12015517369043231,0.756278156287726
0,0.17507110737790602,0,0,0,0,0,0.2353086947817208,0,0.5896201978403732
0,0.13249290743916353,0,0,0,0,0,0.14374706502524945,0.14168376932931195,0.5820762582062752
0,0.11239913174759901,0,0,0,0,0.07180360077793675,0,0,0.8157972674744642
0,0.0698209318088565,0,0,0,0,0.07180360077793675,0,0.12015517369043231,0.7382202937227745
0,0.1213253691649207,0,0,0,0,0.044513721140368,0.2353086947817208,0,0.5988522149129906
0,0.07874716922617819,0,0,0,0,0.044513721140368,0.14374706502524945,0.22997278267293936,0.5030192619352651
0,0.16616251427559667,0,0,0,0.1968668209060475,0,0,0,0.6369706648183558
0,0.11774297589736411,0,0,0,0.13969073420336375,0,0,0.14717911535669792,0.5953871745425743
0,0.16377420658788394,0,0,0,0.24505541161624683,0,0.14996340429018165,0,0.44120697750568755
0,0.11535466820965137,0,0,0,0.18787932491356313,0,0.05840177453371028,0.16870771099557755,0.4696565213474978
0,0.11241677606261131,0,0,0,0.12293033266478734,0.12684734812005619,0,0,0.6378055431525452
0,0.06399723768437876,0,0,0,0.06575424596210362,0.12684734812005619,0,0.14717911535669792,0.5962220528767636
0,0.11002846837489857,0,0,0,0.17111892337498671,0.09955746848248745,0.14996340429018165,0,0.4693317354774456
0,0.06160892999666601,0,0,0,0.11394283667230298,0.09955746848248745,0.05840177453371028,0.256996724339205,0.4094922659756283
0,0.15924097052554642,0,0,0.2462875933878676,0,0,0,0,0.594471436086586
0,0.11666277058680394,0,0,0.27205060007459225,0,0,0,0.09724105396163092,0.5140455753769729
0,0.1681672079428681,0,0,0.11327178702165207,0,0,0.19537802936519763,0,0.5231829756702822
0,0.12558900800412562,0,0,0.13903479370837674,0,0,0.10381639960872627,0.11969314587934803,0.5118666527994236
0,0.09766142481816155,0,0,0.2263375058361991,0,0.06216580780754248,0,0,0.6138352615380969
0,0.05508322487941905,0,0,0.2521005125229238,0,0.06216580780754248,0,0.09724105396163092,0.5334094008284839
0,0.10658766223548324,0,0,0.09332169946998359,0,0.03487592816997373,0.19537802936519763,0,0.5698366807593618
0,0.06400946229674073,0,0,0.11908470615670827,0,0.03487592816997373,0.10381639960872627,0.20798215922297542,0.47023134454487564
0,0.1394867654299766,0,0,0.2699102467515289,0.14202981089608216,0,0,0,0.44857317692241233
0,0.09106722705174404,0,0,0.19956312160188883,0.13655932664156822,0,0,0.12426499562789654,0.4485453290769024
0,0.13709845774226387,0,0,0.13107074626083562,0.1902184016062815,0,0.11487440423798781,0,0.4267379901526312
0,0.0886789193640313,0,0,0.06072362111119553,0.1847479173517676,0,0.02331277448151643,0.14671708754561363,0.4958196801458757
0,0.07790721972259172,0,0,0.23489070972188225,0.08316277213280018,0.11720955514966193,0,0,0.48682974327306394
0,0.02948768134435915,0,0,0.1645435845722422,0.07769228787828625,0.11720955514966193,0,0.12426499562789654,0.48680189542755403
0,0.07551891203487897,0,0,0.096051209231189,0.13135136284299953,0.08991967551209318,0.11487440423798781,0,0.49228443614085154
0,0.027099373656646407,0,0,0.02570408408154891,0.12588087858848562,0.08991967551209318,0.02331277448151643,0.23500610088924107,0.47307711279046855
0,0.1568861087939394,0,0.09373951447665635,0,0,0,0,0,0.7493743767294044
0,0.11059646422999957,0,0.09745095910185371,0,0,0,0,0.08068264988828028,0.7112699267798666
0,0.19036404790792774,0,0.08697178708664968,0,0,0,0.2353086947817208,0,0.48735547022370174
0,0.14407440334398788,0,0.09068323171184704,0,0,0,0.14374706502524945,0.10221124552715993,0.5192840543917558
0,0.07858866888428742,0,0.17141323248239212,0,0,0.13958626659532034,0,0,0.6104118320380002
0,0.032299024320347564,0,0.17512467710758947,0,0,0.08687305025591491,0,0.1333958662276857,0.5723073820884623
0,0.11206660799827575,0,0.16464550509238546,0,0,0.11229638695775158,0.2353086947817208,0,0.37568280516986635
0,0.0657769634343359,0,0.1683569497175828,0,0,0.05958317061834616,0.14374706502524945,0.2432134752101928,0.3193223759942929
0,0.15690375310895172,0,0.08789817603716629,0,0.1974744071972234,0,0,0,0.5577236636566586
0,0.10477277010552181,0,0.08235085949571873,0,0.1495570816611846,0,0,0.1077065915545459,0.5556126971830291
0,0.1790671471179056,0,0.08113044864715963,0,0.24566299790742274,0,0.14996340429018165,0,0.34417600203733034
0,0.12693616411447572,0,0.07558313210571206,0,0.19774567237138396,0,0.05840177453371028,0.12923518719342555,0.41209806968129253
0,0.07860631319929974,0,0.19662453079171324,0,0.1310305272833637,0.15608476886122813,0,0,0.4376538598643952
0,0.02647533019586982,0,0.19107721425026566,0,0.08311320174732491,0.10337155252182272,0,0.16041980789395133,0.43554289339076563
0,0.10076970720825365,0,0.18985680340170658,0,0.17921911799356308,0.1287948892236594,0.14996340429018165,0,0.2513960778826356
0,0.04863872420482372,0,0.184309486860259,0,0.13130179245752427,0.07608167288425396,0.05840177453371028,0.2702374168764584,0.2310291321829704
0,0.15924097052554642,0,0.14726179140248308,0.1436501982657573,0,0,0,0,0.5498470398062133
0,0.11295132596160658,0,0.15097323602768042,0.16941320495248197,0,0,0,0.0842368545899532,0.4824253784682778
0,0.19271890963953475,0,0.04256725769845472,0.10856119821356347,0,0,0.19537802936519763,0,0.4607746050832494
0,0.1464292650755949,0,0.046278702323652075,0.13432420490028812,0,0,0.10381639960872627,0.1066889465076703,0.4624624815840684
0,0.0731097231214949,0,0.22493550940821885,0.12370011071408885,0,0.12994847362492606,0,0,0.44830618313127135
0,0.02682007855755504,0,0.2286469540334162,0.1494631174008135,0,0.07723525728552064,0,0.13695007092935862,0.380884521793336
0,0.10658766223548324,0,0.12024097570419048,0.088611110661895,0,0.10265859398735731,0.19537802936519763,0,0.3865236280458763
0,0.060298017671543365,0,0.12395242032938784,0.11437411734861966,0,0.049945377647951886,0.10381639960872627,0.24769117619070316,0.29992249120306785
0,0.1394867654299766,0,0.14142045296299302,0.17653161279606358,0.14263739718725804,0,0,0,0.3999237716237088
0,0.08735578242654668,0,0.13587313642154544,0.10618448764642348,0.14642567409938906,0,0,0.11126079625621882,0.41290012314987656
0,0.1616501594389305,0,0.036725919258964665,0.13561891861939196,0.19082598789745742,0,0.11487440423798781,0,0.3603046105472677
0,0.10951917643550058,0,0.031178602717517087,0.06527179346975187,0.19461426480958843,0,0.02331277448151643,0.13371288817393592,0.4423904999121898
0,0.053355518025925065,0,0.25014680771754,0.14151207576641694,0.09126296675137652,0.14644697589083386,0,0,0.3172756558479076
0,0.001224535022495148,0,0.2445994911760924,0.07116495061677686,0.09505124366350753,0.09373375955142844,0,0.16397401259562425,0.3302520073740754
0,0.07551891203487897,0,0.14545227401351163,0.10059938158974534,0.1394515574615759,0.11915709625326511,0.11487440423798781,0,0.30494637440903527
0,0.02338792903144905,0,0.13990495747206405,0.03025225644010525,0.14323983437370688,0.0664438799138597,0.02331277448151643,0.2747151178569688,0.2987432504303299
0,0.0817859315480309,0.07473782745476015,0,0,0,0,0,0,0.8434762409972091
0,0.05221193098096613,0.11026533589265318,0,0,0,0,0,0.15360734409553586,0.683915389030845
0,0.09071216896535259,0.15051294370492152,0,0,0,0,0.23348332127797677,0,0.5252915660517492
0,0.061138168398287805,0.1860404521428145,0,0,0,0,0.14192169152150538,0.15687996050837982,0.45401972742901253
0,0.080753409674451,0.07473782745476015,0,0,0,0.07103213717552193,0,0,0.773476625695267
0,0.051179409107386206,0.09517801789285579,0,0,0,0.07103213717552193,0,0.16869466209533324,0.6139157737289028
0,0.08967964709177267,0.09779972736551609,0,0,0,0.043742257537953175,0.23348332127797677,0,0.5352950467267814
0,0.060105646524707894,0.11823991780361172,0,0,0,0.043742257537953175,0.14192169152150538,0.26025629185180466,0.3757341947604172
0,0.08180357586304321,0.05840908323345746,0,0,0.18664035676424567,0,0,0,0.6731469841392538
0,0.04638823685648838,0.07349640123325483,0,0,0.0999231736713766,0,0,0.15944868253502592,0.6207435057038543
0,0.07941526817533048,0.1385894576651826,0,0,0.23482894747444502,0,0.1481380307864376,0,0.3990282958986043
0,0.04399992916877564,0.15367677566498,0,0,0.14811176438157594,0,0.05657640102996623,0.16272129894786988,0.4349138308068324
0,0.0807710539894633,0.05840908323345746,0,0,0.1127038685229855,0.12607588451764137,0,0,0.6220401097364525
0,0.04535571498290847,0.05840908323345746,0,0,0.025986685430116452,0.12607588451764137,0,0.1745360005348233,0.569636631301053
0,0.07838274630175056,0.08587624132577719,0,0,0.16089245923318488,0.09878600488007262,0.1481380307864376,0,0.4279245174727771
0,0.04296740729519572,0.08587624132577719,0,0,0.07417527614031581,0.09878600488007262,0.05657640102996623,0.2660976302912947,0.37552103903737777
0,0.10694612633167039,0.06281434141502126,0,0.25020369399229775,0,0,0,0,0.5800358382610107
0,0.07737212576460561,0.09834184985291428,0,0.2763522441544571,0,0,0,0.12713901966506158,0.4207947605629615
0,0.11587236374899207,0.11112229957286289,0,0.15374164390502454,0,0,0.22864165591364743,0,0.3906220368594731
0,0.0862983631819273,0.1466498080107559,0,0.1798901940671838,0,0,0.13708002615717607,0.13133513235674302,0.318746476226214
0,0.09807979696369096,0.06281434141502126,0,0.19168389915116685,0,0.07103213717552193,0,0,0.5763898252945991
0,0.06850579639662617,0.08325453185311689,0,0.21783244931332615,0,0.07103213717552193,0,0.14222633766485898,0.41714874759654996
0,0.10700603438101264,0.05840908323345746,0,0.09522184906389361,0,0.043742257537953175,0.22864165591364743,0,0.4669791198700357
0,0.07743203381394784,0.07884927367155309,0,0.1213703992260529,0,0.043742257537953175,0.13708002615717607,0.23471146370016777,0.3068145458931492
0,0.08719192123610056,0.018641522701470292,0,0.26190286131622015,0.1715709072862675,0,0,0,0.4606927874599414
0,0.051776582229545724,0.033728840701267665,0,0.1919412796420147,0.13655932664156822,0,0,0.13298035810455164,0.45301361268105206
0,0.08480361354838781,0.07135473904087572,0,0.15961711710446919,0.21975949799646685,0,0.1481380307864376,0,0.31632700152336285
0,0.04938827454183298,0.08644205704067309,0,0.0896555354302637,0.1847479173517676,0,0.05657640102996623,0.13717647079623307,0.3960133438092634
0,0.07832559186812112,0.018641522701470292,0,0.18831361699711108,0.1127038685229855,0.12607588451764137,0,0,0.47593951539267065
0,0.04291025286156628,0.018641522701470292,0,0.11835203532290564,0.07769228787828625,0.12607588451764137,0,0.14806767610434898,0.46826034061378125
0,0.07593728418040838,0.018641522701470292,0,0.08602787278536012,0.16089245923318488,0.09878600488007262,0.1481380307864376,0,0.4115768254330661
0,0.04052194517385353,0.018641522701470292,0,0.016066291111154637,0.12588087858848562,0.09878600488007262,0.05657640102996623,0.24055280213965785,0.4029741543753393
0,0.07252717038138598,0.07614099529694718,0.08597295342480427,0,0,0,0,0,0.7653588808968628
0,0.03924172518912384,0.11166850373484018,0.08968439805000163,0,0,0,0,0.11413482029338386,0.6452705527326507
0,0.10600510949537431,0.15051294370492152,0.08597295342480427,0,0,0,0.23348332127797677,0,0.42402567209692316
0,0.07271966430311216,0.1860404521428145,0.08968439805000163,0,0,0,0.14192169152150538,0.11740743670622783,0.3922263572763386
0,0.04694294681113941,0.07614099529694718,0.13717834700006573,0,0,0.1388148029929055,0,0,0.6009229078989423
0,0.013657501618877273,0.0965811857350428,0.1408897916252631,0,0,0.08610158665350008,0,0.18193535463258667,0.48083457973473015
0,0.08042088592512775,0.09779972736551609,0.13717834700006573,0,0,0.11152492335533676,0.23348332127797677,0,0.3395927950759769
0,0.0471354407328656,0.11823991780361172,0.1408897916252631,0,0,0.05881170701593133,0.14192169152150538,0.273496984389058,0.2195044669117648
0,0.07254481469639829,0.059812251075644474,0.08013161498531421,0,0.18724794305542156,0,0,0,0.6002633761872215
0,0.033418031064646095,0.07489956907544185,0.07458429844386663,0,0.10978952112919743,0,0,0.1199761587328739,0.5873324215539741
0,0.09470820870535218,0.1385894576651826,0.08013161498531421,0,0.23543653376562093,0,0.1481380307864376,0,0.30299615409209246
0,0.0555814250736,0.15367677566498,0.07458429844386663,0,0.15797811183939678,0,0.05657640102996623,0.12324877514571786,0.37835421280247256
0,0.046960591126151724,0.059812251075644474,0.16238964530938685,0,0.12080406314156186,0.1553133052588133,0,0,0.4547201440884418
0,0.007833807494399526,0.059812251075644474,0.15684232876793927,0,0.04334564121533774,0.10260008891940789,0,0.18777669307207673,0.44178918945519446
0,0.06912398513510562,0.08587624132577719,0.16238964530938685,0,0.16899265385176124,0.12802342562124455,0.1481380307864376,0,0.23745601797028695
0,0.02999720150335343,0.08587624132577719,0.15684232876793927,0,0.0915342319255371,0.07531020928183914,0.05657640102996623,0.2793383228285481,0.22452506333703956
0,0.10694612633167039,0.06421750925720827,0.139495230350631,0.14756629887018746,0,0,0,0,0.541774835190303
0,0.07366068113940825,0.09974501769510129,0.14320667497582834,0.17371484903234677,0,0,0,0.11413482029338386,0.3955379568639315
0,0.14042406544565872,0.11112229957286289,0.04156842403660929,0.14903105509693593,0,0,0.22864165591364743,0,0.32921249993428575
0,0.1071386202533966,0.1466498080107559,0.045279868661806645,0.1751796052590952,0,0,0.13708002615717607,0.11833093298506528,0.2703411386727043
0,0.07352809526702431,0.06421750925720827,0.19070062392589246,0.08904650402905658,0,0.1388148029929055,0,0,0.4436924645279129
0,0.04024265007476217,0.0846576996953039,0.1944120685510898,0.11519505419121585,0,0.08610158665350008,0,0.18193535463258667,0.2974555862015415
0,0.10700603438101264,0.05840908323345746,0.09277381761187076,0.09051126025580501,0,0.11152492335533676,0.22864165591364743,0,0.31113322524886994
0,0.07372058918875049,0.07884927367155309,0.0964852622370681,0.11665981041796429,0,0.05881170701593133,0.13708002615717607,0.2744204806678955,0.16397285064366113
0,0.08719192123610056,0.020044690543657307,0.13365389191114094,0.16852422736075484,0.1721784935774434,0,0,0,0.418406775370903
0,0.04806513760434837,0.03513200854345468,0.12810657536969333,0.09856264568654935,0.14642567409938906,0,0,0.1199761587328739,0.4237317999636913
0,0.10935531524505446,0.07135473904087572,0.035727085597119235,0.16416528946302553,0.22036708428764276,0,0.1481380307864376,0,0.25089245557984474
0,0.07022853161330228,0.08644205704067309,0.03017976905567166,0.09420370778882003,0.19461426480958843,0,0.05657640102996623,0.12417227142455534,0.343582997237423
0,0.053773890171454466,0.020044690543657307,0.21591192223521358,0.09493498304164576,0.12080406314156186,0.1553133052588133,0,0,0.33921714560765376
0,0.014647106539702276,0.020044690543657307,0.210364605693766,0.02497340136744028,0.09505124366350753,0.10260008891940789,0,0.18777669307207673,0.34454217020044203
0,0.07593728418040838,0.018641522701470292,0.11798511592119189,0.09057604514391646,0.16899265385176124,0.12802342562124455,0.1481380307864376,0,0.2517059217935696
0,0.03681050054865618,0.018641522701470292,0.1124377993797443,0.020614463469710978,0.14323983437370688,0.07531020928183914,0.05657640102996623,0.2802618191073855,0.25610745010752045
0.14731843977162426,0,0,0,0,0,0,0,0,0.8526815602283758
0.09048746374387019,0,0,0,0,0,0,0,0.12893633425574852,0.7805762020003814
0.15346619458336988,0,0,0,0,0,0,0.23778631292580651,0,0.6087474924908237
0.07545261532884023,0,0,0,0,0,0,0.1398595066117848,0.13536392093908747,0.6493239571202877
0.13038728556744109,0,0,0,0,0,0.08381535437883408,0,0,0.7857973600537249
0.07355630953968699,0,0,0,0,0,0.08381535437883408,0,0.12893633425574852,0.7136920018257304
0.16318873225778152,0,0,0,0,0,0.061651960369880174,0.23778631292580651,0,0.5373729944465319
0.08517515300325186,0,0,0,0,0,0.061651960369880174,0.1398595066117848,0.2236529342827149,0.48966044573236833
0.1777123405982902,0,0,0,0,0.07398671725292787,0,0,0,0.7483009421487822
0.12088136457053611,0,0,0,0,0.07398671725292787,0,0,0.20659028352302455,0.5985416346535116
0.1838600954100358,0,0,0,0,0.12720046274256896,0,0.1797309020718361,0,0.5092085397755591
0.10584651615550617,0,0,0,0,0.12720046274256896,0,0.08180409575781439,0.21301787020636354,0.47213105513774706
0.160781186394107,0,0,0,0,0.051424659447549245,0.07416972347672236,0,0,0.7136244306816215
0.10395021036635291,0,0,0,0,0.051424659447549245,0.07416972347672236,0,0.20659028352302455,0.563865123186351
0.19358263308444743,0,0,0,0,0.10463840493719033,0.05200632946776846,0.1797309020718361,0,0.4700417304387577
0.11556905382991778,0,0,0,0,0.10463840493719033,0.05200632946776846,0.08180409575781439,0.3013068835499909,0.3446752324573181
0.12803372680371372,0,0,0,0.222947495666706,0,0,0,0,0.6490187775295804
0.07120275077595964,0,0,0,0.24871050235343065,0,0,0,0.09965703796939682,0.5804297089012129
0.13418148161545934,0,0,0,0.09433694748205423,0,0,0.19785564750928333,0,0.5736259233932032
0.05616790236092968,0,0,0,0.12009995416877892,0,0,0.09992884119526163,0.10700812093157322,0.6167951813434567
0.15409325126452433,0,0,0,0.2029974081150375,0,0.08304389077641924,0,0,0.5598654498440189
0.09726227523677025,0,0,0,0.22876041480176215,0,0.08304389077641924,0,0.09965703796939682,0.4912763812156515
0.18689469795486477,0,0,0,0.07438685993038577,0,0.06088049676746535,0.19785564750928333,0,0.4799822978380008
0.10888111870033512,0,0,0,0.10014986661711044,0,0.06088049676746535,0.09992884119526163,0.19529713427520065,0.4348625424446268
0.15842762763037962,0,0,0,0.29412128804508625,0.011315899748563006,0,0,0,0.536135184575971
0.10159665160262556,0,0,0,0.2237741628954462,0.0630215021967328,0,0,0.17731098723667285,0.43429669606852256
0.16457538244212525,0,0,0,0.15968704573595682,0.06452964523820409,0,0.14464190201964225,0,0.46656602456407165
0.0865618031875956,0,0,0,0.08933992058631669,0.11623524768637389,0,0.046715095705620546,0.18466207019884928,0.476485862635244
0.18448715209119024,0,0,0,0.25910175101543964,0.003823291421162548,0.07339825987430754,0,0,0.4791895455979
0.12765617606343616,0,0,0,0.18875462586579955,0.05552889386933234,0.07339825987430754,0,0.17731098723667285,0.3773510570904515
0.21728859878153067,0,0,0,0.12466750870631015,0.05703703691080364,0.05123486586535363,0.14464190201964225,0,0.4051300877163596
0.13927501952700103,0,0,0,0.054320383556670064,0.10874263935897344,0.05123486586535363,0.046715095705620546,0.27295108354247666,0.3267609124439046
0.17381723160174656,0,0,0.08882167231600374,0,0,0,0,0,0.7373610960822498
0.11698625557399248,0,0,0.08882167231600374,0,0,0,0,0.10246800982527422,0.6917240622847295
0.16957258294376662,0,0,0.10061724362791633,0,0,0,0.21323461122913986,0,0.5165755621991771
0.09155900368923697,0,0,0.10061724362791633,0,0,0,0.11530780491511816,0.10889559650861316,0.5836203512591155
0.10417286105815794,0,0,0.08882167231600374,0,0,0.13270527929707696,0,0,0.6743001873287613
0.04734188503040385,0,0,0.08882167231600374,0,0,0.07999206295767153,0,0.15518122616467964,0.6286631535312412
0.12658190427877283,0,0,0.10061724362791633,0,0,0.11054188528812306,0.21323461122913986,0,0.449024355576048
0.048568325024243165,0,0,0.10061724362791633,0,0,0.05782866894871763,0.11530780491511816,0.24989782619164605,0.4277801312923587
0.24505268894765103,0,0,0.08882167231600374,0,0.07459430354410375,0,0,0,0.5915313351922414
0.18822171291989695,0,0,0.07956291114935882,0,0.08385306471074869,0,0,0.18012195909255024,0.46824035212744536
0.2408080402896711,0,0,0.10061724362791633,0,0.12780804903374485,0,0.15517920037516944,0,0.37558746667349835
0.16279446103514145,0,0,0.09135848246127139,0,0.13706681020038977,0,0.05725239406114775,0.1865495457758892,0.3649783064661605
0.1754083184040624,0,0,0.11987430906481493,0,0.05952485406612559,0.0845144033187536,0,0,0.5606781151462434
0.1185773423763083,0,0,0.11061554789816999,0,0.06878361523277053,0.031801186979348174,0,0.23283517543195567,0.43738713208144736
0.19781736162467728,0,0,0.1316698803767275,0,0.11273859955576669,0.0623510093097997,0.15517920037516944,0,0.34024394875785946
0.11980378237014762,0,0,0.12241111921008256,0,0.12199736072241162,0.009637792970394271,0.05725239406114775,0.327551775458922,0.24134577520689413
0.1280641942033617,0,0,0.16689565093849712,0.09599000142435496,0,0,0,0,0.6090501534337862
0.07123321817560763,0,0,0.16689565093849712,0.12175300811107964,0,0,0,0.09965703796939682,0.5404610848054188
0.12381954554538177,0,0,0.080764415936388,0.06530625955372492,0,0,0.17330394581261668,0,0.5568058331518887
0.04580596629085212,0,0,0.080764415936388,0.09106926624044959,0,0,0.075377139498595,0.10700812093157322,0.5999750911021423
0.1014105023247669,0,0,0.16689565093849712,0.0760399138726865,0,0.13193381569466214,0,0,0.5237201171693873
0.044579526297012805,0,0,0.16689565093849712,0.10180292055941116,0,0.07922059935525672,0,0.15237025430880224,0.45513104854102
0.12381954554538177,0,0,0.080764415936388,0.04535617200205644,0,0.10977042168570823,0.17330394581261668,0,0.46698549901784886
0.04580596629085212,0,0,0.080764415936388,0.07111917868878112,0,0.057057205346302806,0.075377139498595,0.2480103506146061,0.4218657436244749
0.19929965154926615,0,0,0.16689565093849712,0.17642255496938022,0.0119234860397389,0,0,0,0.4454586565031176
0.14246867552151207,0,0,0.1576368897718522,0.10607542981974011,0.07288784965455362,0,0,0.17731098723667285,0.34362016799566913
0.19505500289128622,0,0,0.080764415936388,0.1399151189742724,0.06513723152937999,0,0.1200902003229756,0,0.3990380303456978
0.11704142363675657,0,0,0.07150565476974306,0.0695679938246323,0.12610159514419472,0,0.022163394008953903,0.18466207019884928,0.4089578684168702
0.17264595967067134,0,0,0.19794828768730832,0.1414030179397336,0.0119234860397389,0.08374293971633878,0,0,0.39233630894620913
0.11581498364291726,0,0,0.18868952652066337,0.07105589279009347,0.07288784965455362,0.031029723376933348,0,0.23002420357607828,0.29049782043876066
0.19505500289128622,0,0,0.11181705268519919,0.10489558194462577,0.06513723152937999,0.06157954570738487,0.1200902003229756,0,0.3414253849191484
0.11704142363675657,0,0,0.10255829151855425,0.03454845679498568,0.12610159514419472,0.008866329367979445,0.022163394008953903,0.3256642998818821,0.2630562096466933
0.11918051122362595,0,0.1350212493769463,0,0,0,0,0,0,0.7457982393994279
0.0918906315860572,0,0.21037288374308516,0,0,0,0,0,0.10792045624181439,0.5898160284290432
0.15859189258382136,0,0.20957183060461249,0,0,0,0,0.20269731287361267,0,0.4291389639379535
0.11011940971947706,0,0.28492346497075133,0,0,0,0,0.10477050655959097,0.09609206369911766,0.404094555051063
0.1373383570716366,0,0.11500169880273059,0,0,0,0.07417756140843981,0,0,0.673482382717193
0.11004847743406786,0,0.1752660151690721,0,0,0,0.07417756140843981,0,0.12300777424161177,0.5175001717468084
0.20340343031042685,0,0.13683906369099139,0,0,0,0.0520141673994859,0.20269731287361267,0,0.4050460257254832
0.15493094744608255,0,0.19710338005733286,0,0,0,0.0520141673994859,0.10477050655959097,0.19946839504254243,0.2917126034949652
0.14957441205029187,0,0.09500818682445811,0,0,0.06376025311112603,0,0,0,0.6916571480141241
0.12228453241272312,0,0.14991963075250134,0,0,0.0342191567209407,0,0,0.16439180228231484,0.52918487783152
0.18898579341048727,0,0.17396402623368812,0,0,0.11697399860076711,0,0.14464190201964225,0,0.37543427973541527
0.14051331054614297,0,0.22887547016173132,0,0,0.08743290221058178,0,0.046715095705620546,0.15256340973961813,0.34389981163630523
0.1677322578983025,0,0.07498863625024242,0,0,0.04119819530574741,0.06453193050632809,0,0,0.6515489800393797
0.14044237826073377,0,0.11481276217848828,0,0,0.011657098915562075,0.06453193050632809,0,0.17947912028211224,0.4890767098567756
0.23379733113709275,0,0.101231259320067,0,0,0.0944119407953885,0.04236853649737419,0.14464190201964225,0,0.3835490302304353
0.18532484827274845,0,0.14105538524831285,0,0,0.06487084440520316,0.04236853649737419,0.046715095705620546,0.2559397410830429,0.2637255487876979
0.0998957982557154,0,0.10967519182000027,0,0.24028616778834325,0,0,0,0,0.5501428421359411
0.07260591861814665,0,0.18502682618613914,0,0.26643471795050255,0,0,0,0.07508695525378978,0.40084558199142184
0.13930717961591083,0,0.15675861495534674,0,0.14822937588263382,0,0,0.19785564750928333,0,0.3578491820368253
0.0908346967515665,0,0.2321102493214856,0,0.1743779260447931,0,0,0.09992884119526163,0.06418205898993048,0.33856622769696265
0.16104432276871986,0,0.08965564124578457,0,0.18176637294721235,0,0.08304389077641924,0,0,0.4844897722618639
0.13375444313115112,0,0.14991995761212606,0,0.20791492310937165,0,0.08304389077641924,0,0.09017427325358715,0.3351925121173448
0.2271093960075101,0,0.08402584804172562,0,0.08970958104150292,0,0.06088049676746535,0.19785564750928333,0,0.3404190306325127
0.1786369131431658,0,0.1442901644080671,0,0.1158581312036622,0,0.06088049676746535,0.09992884119526163,0.1675583903333553,0.23284706294902263
0.1302896990823813,0,0.04181805477526381,0,0.2995364741269847,0.040856996138748346,0,0,0,0.4874987758766218
0.10299981944481257,0,0.09672949870330705,0,0.2295748924527792,0.0630215021967328,0,0,0.13155830129429022,0.3761159859080781
0.16970108044257673,0,0.09330673609217409,0,0.20165598809679747,0.09407074162838944,0,0.14464190201964225,0,0.2966235517204201
0.12122859757823243,0,0.1482181800202173,0,0.131694406422592,0.11623524768637389,0,0.046715095705620546,0.12065340503043095,0.3152550675565329
0.19143822359538576,0,0.021798504201048122,0,0.22594722980787563,0.03336438781134789,0.07339825987430754,0,0,0.4540533947100351
0.16414834395781702,0,0.061622630129293976,0,0.15598564813367014,0.05552889386933234,0.07339825987430754,0,0.14664561929408762,0.34267060474149136
0.257503296834176,0,0.020573969178552975,0,0.1280667437776884,0.08657813330098899,0.05123486586535363,0.14464190201964225,0,0.3114010890235978
0.2090308139698317,0,0.06039809510679883,0,0.058105162103482925,0.10874263935897344,0.05123486586535363,0.046715095705620546,0.22402973637385576,0.2417435915160832
0.11101250866311142,0,0.13091989751855848,0.08476655588934902,0,0,0,0,0,0.6733010379289811
0.08372262902554267,0,0.20627153188469738,0.08476655588934902,0,0,0,0,0.08145213181134009,0.5437871513890709
0.1400314865535813,0,0.20406731090403768,0.10332985459126824,0,0,0,0.17814561117694602,0,0.3744257367741668
0.09155900368923697,0,0.2794189452701765,0.10332985459126824,0,0,0,0.08021880486292432,0.06962373926864335,0.3758496523177506
0.07645713817171665,0,0.1109003469443428,0.05829823145887471,0,0,0.12306748632668268,0,0,0.631276797098383
0.049167258534147905,0,0.1711646633106843,0.05829823145887471,0,0,0.07035426998727726,0,0.1492526661505429,0.501762910558473
0.13212980794078133,0,0.13133454399041658,0.07686153016079394,0,0,0.10090409231772879,0.17814561117694602,0,0.3806244144133334
0.08365732507643701,0,0.19159886035675805,0.07686153016079394,0,0,0.048190875978323354,0.08021880486292432,0.22571328695147358,0.2937593166132897
0.1822479660090159,0,0.0909068349660703,0.08476655588934902,0,0.06436783940230192,0,0,0,0.5777108037332629
0.15495808637144717,0,0.14581827889411356,0.0755077947227041,0,0.04408550417876152,0,0,0.13792347785184053,0.4417068579811332
0.21126694389948575,0,0.1684595065331133,0.10332985459126824,0,0.11758158489194302,0,0.1200902003229756,0,0.27927190976121413
0.16279446103514145,0,0.22337095046115651,0.09407109342462332,0,0.0972992496684026,0,0.022163394008953903,0.12609508530914382,0.27420576609257835
0.14769259551762112,0,0.07088728439185461,0.0893508682076859,0,0.04929838992432377,0.07487661034835932,0,0,0.5678942516101553
0.12040271588005237,0,0.11071141032010047,0.08009210704104096,0,0.02901605470078336,0.022163394008953903,0,0.20572401219104336,0.4318903058580256
0.2033652652866858,0,0.09572673961949218,0.10791416690960513,0,0.10251213541396487,0.05271321633940543,0.1200902003229756,0,0.3176782761078711
0.1548927824223415,0,0.13555086554773804,0.0986554057429602,0,0.08222980019042445,0,0.022163394008953903,0.28218463299197405,0.22432311909560787
0.06525947126472657,0,0.10557383996161246,0.16284053451184238,0.11332867354599227,0,0,0,0,0.5529974807158263
0.03796959162715782,0,0.1809254743277513,0.16284053451184238,0.13947722370815155,0,0,0,0.07508695525378978,0.4037002205713071
0.09427844915519643,0,0.1512540952547719,0.08347702689973993,0.1191986879543045,0,0,0.17330394581261668,0,0.37848779492337054
0.04580596629085212,0,0.2266057296209108,0.08347702689973993,0.1453472381164638,0,0,0.075377139498595,0.06418205898993048,0.35920484058350793
0.0736947794383256,0,0.08555428938739677,0.13637221008136807,0.05480887870486135,0,0.13193381569466214,0,0,0.517636026693386
0.046404899800756856,0,0.14581860575373826,0.13637221008136807,0.08095742886702063,0,0.07922059935525672,0,0.14288748959299258,0.36833876654886694
0.1293674492073903,0,0.0785213283411508,0.05700870246926562,0.060678893113173586,0,0.10977042168570823,0.17330394581261668,0,0.3913492593706948
0.08089496634304597,0,0.1387856447074923,0.05700870246926562,0.08682744327533287,0,0.057057205346302806,0.075377139498595,0.22027160667276074,0.2837772916872047
0.13649492861063103,0,0.03771670291687601,0.16284053451184238,0.18183774105127862,0.04146458242992424,0,0,0,0.4396455104794478
0.10920504897306228,0,0.09262814684491924,0.15358177334519743,0.11187615937707311,0.07288784965455362,0,0,0.13155830129429022,0.32826272051090405
0.16551390650110087,0,0.08780221639159927,0.08347702689973993,0.1818840613351131,0.09467832791956533,0,0.1200902003229756,0,0.2665542606299059
0.11704142363675657,0,0.1427136603196425,0.07421826573309499,0.1119224796609076,0.12610159514419472,0,0.022163394008953903,0.12065340503043095,0.2851857764660187
0.14493023678423006,0,0.01769715234266032,0.16742484683017927,0.10824849673216952,0.04146458242992424,0.08374293971633878,0,0,0.43649174516449785
0.11764035714666132,0,0.05752127827090618,0.15816608566353432,0.038286915057964034,0.07288784965455362,0.031029723376933348,0,0.19935883563349305,0.3251089551959542
0.20060290655329474,0,0.01506944947797816,0.08806133921807681,0.108294817016004,0.09467832791956533,0.06157954570738487,0.1200902003229756,0,0.3116234137847205
0.15213042368895044,0,0.05489357540622401,0.07880257805143187,0.038333235341798534,0.12610159514419472,0.008866329367979445,0.022163394008953903,0.27674295271326116,0.24196591627720587
0.16445667900113645,0.1572785405926049,0,0,0,0,0,0,0,0.6782647804062588
0.10762570297338236,0.11470034065386242,0,0,0,0,0,0,0.1809368216994993,0.596737134673256
0.15346619458336988,0.16620477800992658,0,0,0,0,0,0.19547647540174976,0,0.4848525520049538
0.07545261532884023,0.1236265780711841,0,0,0,0,0,0.09754966908772807,0.18736440838283824,0.5160067291294095
0.14752552479695324,0.11239913174759901,0,0,0,0,0.044513721140368,0,0,0.6955616223150798
0.09069454876919916,0.0698209318088565,0,0,0,0,0.044513721140368,0,0.1809368216994993,0.614033976582077
0.16318873225778152,0.1213253691649207,0,0,0,0,0.044513721140368,0.19547647540174976,0,0.4754957020351801
0.08517515300325186,0.07874716922617819,0,0,0,0,0.044513721140368,0.09754966908772807,0.2756534217264657,0.41836086581600823
0.19485057982780238,0.1572961849076172,0,0,0,0.09213959518864479,0,0,0,0.5557136400759356
0.1380196038000483,0.10887664652938467,0,0,0,0.09213959518864479,0,0,0.2079607633657649,0.4530033911161574
0.1838600954100358,0.15490787721990446,0,0,0,0.14032818589884416,0,0.13742106454777933,0,0.38348277692343624
0.10584651615550617,0.10648833884167191,0,0,0,0.14032818589884416,0,0.03949425823375765,0.21438835004910387,0.39345435082111635
0.17791942562361915,0.11241677606261131,0,0,0,0.06575424596210362,0.05200632946776846,0,0,0.5919032228838975
0.12108844959586508,0.06399723768437876,0,0,0,0.06575424596210362,0.05200632946776846,0,0.2079607633657649,0.48919297392411926
0.19358263308444743,0.11002846837489857,0,0,0,0.11394283667230298,0.05200632946776846,0.13742106454777933,0,0.39301866785280326
0.11556905382991778,0.06160892999666601,0,0,0,0.11394283667230298,0.05200632946776846,0.03949425823375765,0.3026773633927313,0.3147012284068558
0.1451719660332259,0.14915010613507182,0,0,0.20510163093069894,0,0,0,0,0.5005762969010034
0.0883409900054718,0.10657190619632934,0,0,0.2308646376174236,0,0,0,0.1516575254131476,0.42256494076762763
0.13418148161545934,0.1580763435523935,0,0,0.0720858245644834,0,0,0.15554580998522657,0,0.4801105402824372
0.05616790236092968,0.11549814361365102,0,0,0.09784883125120807,0,0,0.05761900367120489,0.159008608375324,0.5138575107276825
0.1712314904940365,0.0964368897956664,0,0,0.18515154337903045,0,0.03487592816997373,0,0,0.5123041481612929
0.11440051446628242,0.053858689856923894,0,0,0.2109145500657551,0,0.03487592816997373,0,0.1516575254131476,0.4342927920279172
0.18689469795486477,0.1053631272129881,0,0,0.05213573701281492,0,0.03487592816997373,0.15554580998522657,0,0.46518469966413195
0.10888111870033512,0.06278492727424559,0,0,0.0778987436995396,0,0.03487592816997373,0.05761900367120489,0.24729762171895142,0.4106426567657497
0.1755658668598918,0.129395901039502,0,0,0.2762754233090792,0.03730258517867946,0,0,0,0.3814602236128475
0.11873489083213773,0.08097636266126942,0,0,0.20592829815943914,0.08900818762684926,0,0,0.1786814670794132,0.3266707936408912
0.16457538244212525,0.12700759335178927,0,0,0.13743592281838593,0.08549117588887882,0,0.10233206449558549,0,0.38315786100323523
0.0865618031875956,0.07858805497355668,0,0,0.06708879766874584,0.1371967783370486,0,0.004405258181563798,0.18603255004158964,0.44012675760989994
0.2016253913207024,0.07668268470009657,0,0,0.24125588627943256,0.025986685430116452,0.04236853649737419,0,0,0.4120808157722778
0.14479441529294831,0.028263146321864004,0,0,0.1709087611297925,0.07769228787828625,0.04236853649737419,0,0.1786814670794132,0.35729138580032155
0.21728859878153067,0.07429437701238382,0,0,0.10241638578873931,0.07417527614031581,0.04236853649737419,0.10233206449558549,0,0.38712476128407075
0.13927501952700103,0.02587483863415126,0,0,0.03206926063909922,0.12588087858848562,0.04236853649737419,0.004405258181563798,0.27432156338521707,0.3558046445471079
0.19095547083125874,0.14924431444845512,0,0.08882167231600374,0,0,0,0,0,0.5709785424042825
0.13412449480350466,0.10295466988451527,0,0.0925331169412011,0,0,0,0,0.14146429789734727,0.5289234204734318
0.16957258294376662,0.18272225356244343,0,0.09244634839572263,0,0,0,0.19547647540174976,0,0.35978233969631757
0.09155900368923697,0.1364326089985036,0,0.09615779302092,0,0,0,0.09754966908772807,0.14789188458068622,0.4304090406229252
0.12131110028767011,0.07981320390678258,0,0.16649539032173952,0,0,0.09722693747977343,0,0,0.5351533680040345
0.06448012425991602,0.033523559342842714,0,0.17020683494693686,0,0,0.044513721140368,0,0.1941775142367527,0.49309824607318375
0.12658190427877283,0.1132911430207709,0,0.1701200664014584,0,0,0.09722693747977343,0.19547647540174976,0,0.2973034734174747
0.048568325024243165,0.06700149845683104,0,0.17383151102665576,0,0,0.044513721140368,0.09754966908772807,0.2888941142637191,0.2796411610004549
0.2621909281771632,0.14926195876346743,0,0.08882167231600374,0,0.09274718147982067,0,0,0,0.4069782592635449
0.2053599521494091,0.09713097576003751,0,0.08327435577455618,0,0.10200594264646562,0,0,0.1684882395636129,0.3437405341059187
0.2408080402896711,0.17142535277242132,0,0.09244634839572263,0,0.14093577219002007,0,0.13742106454777933,0,0.2169634218043856
0.16279446103514145,0.11929436976899141,0,0.08689903185427507,0,0.150194533356665,0,0.03949425823375765,0.17491582624695187,0.2664075195042176
0.19254655763357456,0.07983084822179488,0,0.1975480270705507,0,0.07385444058067997,0.06617430073096225,0,0,0.3900458257624376
0.13571558160582048,0.02769986521836497,0,0.1920007105291031,0,0.08311320174732491,0.01346108439155682,0,0.22120145590301832,0.3268081006048114
0.19781736162467728,0.1019942422307488,0,0.20117270315026958,0,0.12204303129087933,0.06617430073096225,0.13742106454777933,0,0.17337729642468347
0.11980378237014762,0.04986325922731887,0,0.195625386608822,0,0.13130179245752427,0.01346108439155682,0.03949425823375765,0.3159180559299847,0.13453238078088806
0.14520243343287387,0.150374641157567,0,0.14234394924183047,0.09114833606002563,0,0,0,0,0.47093064010770297
0.08837145740511979,0.10408499659362713,0,0.14605539386702782,0.11691134274675032,0,0,0,0.13865332604146988,0.40592348334600503
0.12381954554538177,0.1838525802715553,0,0.04804181900752767,0.05605933600783179,0,0,0.15554580998522657,0,0.43268090918247687
0.04580596629085212,0.13756293570761546,0,0.051753263632725026,0.08182234269455646,0,0,0.05761900367120489,0.14600440900364628,0.4794320789993999
0.11854874155427907,0.0731097231214949,0,0.22001766724756625,0.07119824850835717,0,0.08758914450937916,0,0,0.42953647505892345
0.06171776552652497,0.02682007855755504,0,0.2237291118727636,0.09696125519508184,0,0.03487592816997373,0,0.1913665423808753,0.3645293182972255
0.12381954554538177,0.10658766223548324,0,0.12571553701326343,0.03610924845616332,0,0.08758914450937916,0.15554580998522657,0,0.3646330522551025
0.04580596629085212,0.060298017671543365,0,0.1294269816384608,0.061872255142887994,0,0.03487592816997373,0.05761900367120489,0.2870066386866792,0.323095208728398
0.2164378907787783,0.13062043606199714,0,0.14234394924183047,0.17158088960505088,0.037910171469855355,0,0,0,0.3011066628424878
0.15960691475102423,0.07848945305856722,0,0.1367966327003829,0.10123376445541078,0.09887453508467009,0,0,0.1656772677077355,0.2593214322422093
0.19505500289128622,0.15278383007095103,0,0.04804181900752767,0.13066819542837926,0.08609876218005472,0,0.10233206449558549,0,0.28502032592621557
0.11704142363675657,0.10065284706752112,0,0.04249450246608009,0.060321070278739175,0.14706312579486944,0,0.004405258181563798,0.1730283506699119,0.3549934219045579
0.1897841989001835,0.053355518025925065,0,0.2510703039963775,0.13656135257540425,0.0340868800486928,0.056536507760567976,0,0,0.27860523869284903
0.13295322287242942,0.001224535022495148,0,0.24552298745492984,0.06621422742576415,0.09505124366350753,0.003823291421162548,0,0.21839048404714093,0.23682000809257045
0.19505500289128622,0.07551891203487897,0,0.15676817376207464,0.09564865839873263,0.08227547075889216,0.056536507760567976,0.10233206449558549,0,0.235865209897982
0.11704142363675657,0.02338792903144905,0,0.15122085722062706,0.025301533249092553,0.14323983437370688,0.003823291421162548,0.004405258181563798,0.31403058035294473,0.21754929253269678
0.13631875045313813,0.07291960218005147,0.1335111458381395,0,0,0,0,0,0,0.657250501528671
0.10902887081556938,0.04334560161298669,0.16903865427603249,0,0,0,0,0,0.21438899210460285,0.4641978811908086
0.15859189258382136,0.08184583959737315,0.2092862620883008,0,0,0,0,0.1603874753495559,0,0.3898885303809488
0.11011940971947706,0.05227183903030837,0.24481377052619385,0,0,0,0,0.06246066903553422,0.20256059956190614,0.3277737121265804
0.15447659630114877,0.080753409674451,0.1134915952639238,0,0,0,0.043742257537953175,0,0,0.6075361412225233
0.12718671666358003,0.051179409107386206,0.13393178570201944,0,0,0,0.043742257537953175,0,0.22947631010440023,0.41448352088466095
0.20340343031042685,0.08967964709177267,0.13655349517467974,0,0,0,0.043742257537953175,0.1603874753495559,0,0.3662336945356117
0.15493094744608255,0.060105646524707894,0.15699368561277538,0,0,0,0.043742257537953175,0.06246066903553422,0.305936930905331,0.21582986293761586
0.16671265127980403,0.07293724649506378,0.09349808328565132,0,0,0.08191313104684295,0,0,0,0.5849388878926379
0.1394227716422353,0.037521907488508935,0.10858540128544869,0,0,0.052372034656657615,0,0,0.2202303305440929,0.44186755438305664
0.18898579341048727,0.07054893880735102,0.17367845771737644,0,0,0.13010172175704232,0,0.10233206449558549,0,0.3343530238121575
0.14051331054614297,0.035133599800796195,0.18876577571717384,0,0,0.10056062536685698,0,0.004405258181563798,0.2084019380013962,0.32221949238607
0.18487049712781467,0.0807710539894633,0.07347853271143562,0,0,0.05552778182030179,0.05123486586535363,0,0,0.554117268485631
0.15758061749024593,0.04535571498290847,0.07347853271143562,0,0,0.025986685430116452,0.05123486586535363,0,0.23531764854389028,0.4110459349760497
0.23379733113709275,0.07838274630175056,0.10094569080375534,0,0,0.10371637253050116,0.05123486586535363,0.10233206449558549,0,0.32959092886596114
0.18532484827274845,0.04296740729519572,0.10094569080375534,0,0,0.07417527614031581,0.05123486586535363,0.004405258181563798,0.311778269344821,0.22916838409624626
0.11703403748522757,0.09685526194119581,0.1215876597984006,0,0.2090177315351291,0,0,0,0,0.45550530924004695
0.08974415784765882,0.06728126137413103,0.15711516823629362,0,0.23516628169728837,0,0,0,0.18155549111657826,0.26913763972804994
0.13930717961591083,0.1057814993585175,0.1698956179562422,0,0.11255568144785585,0,0,0.15554580998522657,0,0.31691421163624706
0.0908346967515665,0.0762074987914527,0.20542312639413524,0,0.13870423161001513,0,0,0.05761900367120489,0.170650594852719,0.2605608479289066
0.17818256199823201,0.09685526194119581,0.1015681092241849,0,0.1504979366939982,0,0.043742257537953175,0,0,0.42915387260443594
0.15089268236066328,0.06728126137413103,0.12200829966228052,0,0.17664648685615744,0,0.043742257537953175,0,0.19664280911637563,0.2427862030924389
0.2271093960075101,0.1057814993585175,0.0971628510426211,0,0.05403588660672494,0,0.043742257537953175,0.15554580998522657,0,0.31662229946144665
0.1786369131431658,0.0762074987914527,0.11760304148071674,0,0.08018443676888422,0,0.043742257537953175,0.05761900367120489,0.27402692619614377,0.17197992241047874
0.1474279383118935,0.07710105684562596,0.05373052275366414,0,0.26826803787377046,0.0668436815688648,0,0,0,0.3866287626461811
0.12013805867432474,0.04168571783907113,0.06881784075346152,0,0.19830645619956502,0.08900818762684926,0,0,0.1873968295560683,0.29464690935066
0.16970108044257673,0.07471274915791323,0.10644373909306956,0,0.1659822936620195,0.11503227227906417,0,0.10233206449558549,0,0.2657958008697714
0.12122859757823243,0.03929741015135839,0.12153105709286693,0,0.096020711987814,0.1371967783370486,0,0.004405258181563798,0.17649193329220902,0.30382825337890684
0.20857646282489792,0.07710105684562596,0.03371097217944845,0,0.19467879355466144,0.05552778182030179,0.05123486586535363,0,0,0.37917006690971083
0.18128658318732918,0.04168571783907113,0.03371097217944845,0,0.12471721188045595,0.07769228787828625,0.05123486586535363,0,0.20248414755586566,0.2871882136141897
0.257503296834176,0.07471274915791323,0.03371097217944845,0,0.09239304934291043,0.10371637253050116,0.05123486586535363,0.10233206449558549,0,0.28439662959411166
0.2090308139698317,0.03929741015135839,0.03371097217944845,0,0.02243146766870495,0.12588087858848562,0.05123486586535363,0.004405258181563798,0.27986826463563386,0.23414006875961968
0.1281507478926236,0.06488537603590168,0.1349143136803265,0.08105511126415166,0,0,0,0,0,0.5909944511269966
0.10086086825505484,0.03159993084363954,0.1704418221182195,0.08476655588934902,0,0,0,0,0.17491646830245083,0.4374143545912863
0.1400314865535813,0.09836331514989,0.2092862620883008,0.09144751473387722,0,0,0,0.1603874753495559,0,0.3004839461247948
0.09155900368923697,0.06507786995762788,0.24481377052619385,0.09515895935907458,0,0,0,0.06246066903553422,0.16308807575975412,0.2778416516725784
0.09359537740122882,0.04816748183363456,0.11489476310611081,0.13226050483941312,0,0,0.0964554738773586,0,0,0.5146263989422541
0.06630549776366007,0.014882036641372422,0.13533495354420644,0.1359719494646105,0,0,0.043742257537953175,0,0.24271700264165366,0.3610463024065438
0.13212980794078133,0.0816454209476229,0.13655349517467974,0.14265290830913868,0,0,0.0964554738773586,0.1603874753495559,0,0.2501754184008628
0.08365732507643701,0.048359975755360746,0.15699368561277538,0.14636435293433606,0,0,0.043742257537953175,0.06246066903553422,0.3191776234425843,0.1392441106050191
0.19938620523852807,0.064903020350914,0.09490125112783832,0.08105511126415166,0,0.08252071733801886,0,0,0,0.47723369468054916
0.17209632560095933,0.025776236719161794,0.1099885691276357,0.0755077947227041,0,0.06223838211447844,0,0,0.1807578067419409,0.3736348849731198
0.21126694389948575,0.0870664143598679,0.17367845771737644,0.09144751473387722,0,0.1307093080482182,0,0.10233206449558549,0,0.203499296745589
0.16279446103514145,0.0479396307281157,0.18876577571717384,0.08590019819242964,0,0.11042697282467781,0,0.004405258181563798,0.16892941419924418,0.2308382891216536
0.16483083474713328,0.04818512614864687,0.07488170055362263,0.1633131415882243,0,0.06362797643887814,0.06540283712854741,0,0,0.4197583833949473
0.13754095510956454,0.009058342516894675,0.07488170055362263,0.15776582504677672,0,0.04334564121533774,0.012689620789141993,0,0.24855834108114372,0.316159573687518
0.2033652652866858,0.07034852015760076,0.10094569080375534,0.17370554505794986,0,0.1118165671490775,0.06540283712854741,0.10233206449558549,0,0.17208350992079782
0.1548927824223415,0.03122173652584858,0.10094569080375534,0.16815822851650228,0,0.0915342319255371,0.012689620789141993,0.004405258181563798,0.3250189618820744,0.11113348895323504
0.08239771049423875,0.09807979696369096,0.12299082764058761,0.1345773881899784,0.09506443666445581,0,0,0,0,0.4668898400470486
0.055107830856669995,0.06479435177142881,0.1585183360784806,0.13828883281517573,0.12121298682661509,0,0,0,0.16855129174490052,0.29352636990672926
0.09427844915519643,0.1315577360776793,0.1698956179562422,0.04704298534568224,0.09652919289120425,0,0,0.15554580998522657,0,0.305150208588769
0.04580596629085212,0.09827229088541714,0.20542312639413524,0.050754429970879596,0.12267774305336353,0,0,0.05761900367120489,0.15764639548104128,0.26180104425310624
0.09083301866783777,0.07352809526702431,0.10297127706637191,0.18578278176523985,0.0365446418233249,0,0.0964554738773586,0,0,0.4138847115328427
0.06354313903026902,0.04024265007476217,0.12341146750446755,0.1894942263904372,0.06269319198548418,0,0.043742257537953175,0,0.23635182608410335,0.24052124139252334
0.1293674492073903,0.10700603438101264,0.0971628510426211,0.09824837892094371,0.038009398050073334,0,0.0964554738773586,0.15554580998522657,0,0.27820460453537377
0.08089496634304597,0.07372058918875049,0.11760304148071674,0.10195982354614105,0.06415794821223263,0,0.043742257537953175,0.05761900367120489,0.3137359431638715,0.14656642685608356
0.1536331678401432,0.07832559186812112,0.05513369059585115,0.1345773881899784,0.16357350416974215,0.06745126786004069,0,0,0,0.3473053894761233
0.12634328820257446,0.039198808236368926,0.07022100859564853,0.12903007164853078,0.09361192249553665,0.09887453508467009,0,0,0.17439263018439058,0.26832773555228
0.16551390650110087,0.10048898587707503,0.10644373909306956,0.04704298534568224,0.15921456627201283,0.11563985857024005,0,0.10233206449558549,0,0.20332389384523392
0.11704142363675657,0.06136220224532283,0.12153105709286693,0.041495668804234664,0.08925298459780734,0.14706312579486944,0,0.004405258181563798,0.16348773392053131,0.2543605457260471
0.16206847601374222,0.053773890171454466,0.035114140021635466,0.21683541851405105,0.08998425985063306,0.06362797643887814,0.06540283712854741,0,0,0.3131930018610582
0.13477859637617348,0.014647106539702276,0.035114140021635466,0.21128810197260345,0.020022678176427583,0.09505124366350753,0.012689620789141993,0,0.2421931645235934,0.23421534793721482
0.20060290655329474,0.07593728418040838,0.03371097217944845,0.1293010156697549,0.08562532195290376,0.1118165671490775,0.06540283712854741,0.10233206449558549,0,0.1952710306909794
0.15213042368895044,0.03681050054865618,0.03371097217944845,0.12375369912830732,0.015663740278698282,0.14323983437370688,0.012689620789141993,0.004405258181563798,0.3195772816033615,0.15801866922816513
