0,0,0,0,0,0,0,0,0,1
0,0,0,0,0,0,0,0,0.58865978780967,0.41134021219032996
0,0,0,0,0,0,0,0.5518890698567672,0,0.4481109301432328
0,0,0,0,0,0,0,0.3373771612063754,0.38993567622788256,0.2726871625657421
0,0,0,0,0,0,0.6956587514486524,0,0,0.3043412485513476
0,0,0,0,0,0,0.48721118784705386,0,0.30179198610561564,0.2109968260473305
0,0,0,0,0,0,0.5086504170056333,0.2745447806433257,0,0.21680480235104105
0,0,0,0,0,0,0.38844721209232697,0.20915695358937897,0.2369048752710358,0.1654909590472583
0,0,0,0,0,0.5845998619163434,0,0,0,0.41540013808365656
0,0,0,0,0,0.3673154748009202,0,0,0.3740128377077331,0.2586716874913467
0,0,0,0,0,0.3868441123770135,0,0.34147429476027014,0,0.2716815928627164
0,0,0,0,0,0.2788262286848895,0,0.24483829884005143,0.28128733987689025,0.19504813259816894
0,0,0,0,0,0.29780863702896526,0.4897850966894156,0,0,0.21240626628161904
0,0,0,0,0,0.22881486889215322,0.37571054822508604,0,0.2333386733463536,0.1621359095364071
0,0,0,0,0,0.23444817424478762,0.38856964592111026,0.21129882661361132,0,0.16568335322049077
0,0,0,0,0,0.18995398145151304,0.31376826745955,0.17009427037264113,0.19243757251944738,0.1337459081968484
0,0,0,0,0.5820798463944203,0,0,0,0,0.41792015360557966
0,0,0,0,0.36927785397517443,0,0,0,0.3699129496563711,0.26080919636845445
0,0,0,0,0.3883861979895249,0,0,0.33781407315632017,0,0.273799728854155
0,0,0,0,0.28099826074697654,0,0,0.24336036106213638,0.2790611311625385,0.19658024702834856
0,0,0,0,0.30465981365606926,0,0.486987100296437,0,0,0.20835308604749367
0,0,0,0,0.23478826179550122,0,0.3759368823556288,0,0.22869390091217293,0.16058095493669705
0,0,0,0,0.24050425270004155,0,0.3883003301564887,0.20708873273336237,0,0.1641066844101074
0,0,0,0,0.19493606706583835,0,0.31454934270280066,0.16775082886986029,0.18967093679366012,0.13309282456784047
0,0,0,0,0.3742504636037396,0.36875384709433334,0,0,0,0.2569956893019272
0,0,0,0,0.2736025777129537,0.26981735476014856,0,0,0.268900791677602,0.18767927584929578
0,0,0,0,0.28360401467340024,0.2794690982085948,0,0.24309625023346665,0,0.19383063688453836
0,0,0,0,0.2219209710994048,0.218904164981426,0,0.19019006743677733,0.2172334162323659,0.15175138025002602
0,0,0,0,0.23804888697940296,0.22763595969979827,0.3742700882033687,0,0,0.16004506511743005
0,0,0,0,0.19303749561697547,0.18563441822216867,0.3047083084225308,0,0.18645631751872807,0.13016346021959696
0,0,0,0,0.19700703567966943,0.18937671839472545,0.3128196580636562,0.16833422529623973,0,0.1324623625657092
0,0,0,0,0.16525357600051038,0.15952487385826303,0.26291861557932905,0.14129632759076427,0.15958903892538828,0.11141756804574496
0,0,0,0.6207498725038363,0,0,0,0,0,0.3792501274961636
0,0,0,0.4045167452807745,0,0,0,0,0.35089899384315415,0.24458426087607135
0,0,0,0.4247261186825247,0,0,0,0.32000079332134856,0,0.25527308799612675
0,0,0,0.31161146675685364,0,0,0,0.23394536579311836,0.26762269863044424,0.1868204688195838
0,0,0,0.3327501732905575,0,0,0.465660083811673,0,0,0.20158974289776954
0,0,0,0.25856883994794266,0,0,0.36191945441092643,0,0.2234925180428078,0.1560191875983231
0,0,0,0.2649536479141847,0,0,0.3732850270890502,0.20250644472088905,0,0.15925488027587603
0,0,0,0.216059423658632,0,0,0.3040798128482796,0.16447725054782236,0.18573063385305866,0.1296528790922073
0,0,0,0.4066686161302816,0,0.3469815701185126,0,0,0,0.24634981375120585
0,0,0,0.30059330756710334,0,0.25675711590418365,0,0,0.2614945053300737,0.18115507119863936
0,0,0,0.31145634202494754,0,0.2652793492616823,0,0.23649153668163703,0,0.1867727720317331
0,0,0,0.2456182593700395,0,0.20962938767431843,0,0.18577236856713758,0.2118981290494189,0.14708185533908558
0,0,0,0.25967181825260577,0,0.2202259477109733,0.3633232931732793,0,0,0.15677894086314156
0,0,0,0.21196271640129266,0,0.18015960447881396,0.29658237419133204,0,0.1836565697962237,0.1276387351323376
0,0,0,0.2163493481621877,0,0.18362557776953076,0.3042828805799283,0.1659072466686485,0,0.12983494681970473
0,0,0,0.18243105612337165,0,0.15514944656185742,0.25640582896884573,0.13937017046557176,0.15728439079338846,0.10935910708696497
0,0,0,0.4034746999415669,0.34995004367222204,0,0,0,0,0.246575256386211
0,0,0,0.2995469642180413,0.2597719940665276,0,0,0,0.25908110900404263,0.18159993271138844
0,0,0,0.3100321748902794,0.2683211246598216,0,0,0.23443121180672966,0,0.18721548864316928
0,0,0,0.2451453768354548,0.21233507413464103,0,0,0.1846206234704793,0.21035130849475964,0.14754761706466535
0,0,0,0.2554979636296028,0.22665464066623195,0,0.3628777303394814,0,0,0.15496966536468387
0,0,0,0.20974848141791988,0.18545168787260646,0,0.29702164222572236,0,0.18101315939436702,0.12676502908938422
0,0,0,0.2139887790928304,0.18901304340640868,0,0.3045234931391012,0.16352724413960343,0,0.1289474402220563
0,0,0,0.18108204154867222,0.15959875905766735,0,0.25702363159405833,0.137863143524497,0.15551846061274177,0.10891396366236333
0,0,0,0.29755974325988344,0.26340246591484934,0.258190861185639,0,0,0,0.18084692963962817
0,0,0,0.23697240823098162,0.2090018019101124,0.20508215863677734,0,0,0.20565992586009235,0.14328370536203625
0,0,0,0.24334452471518037,0.2144504814780886,0.2103193899650594,0,0.1852603833732206,0,0.14662522046845106
0,0,0,0.20146620718230238,0.17714725071202517,0.17393757587489073,0,0.152719334862518,0.17362229903344611,0.12110733233481763
0,0,0,0.20933094321674525,0.18767452121348238,0.17983988989697441,0.2965101373733909,0,0,0.1266445082994071
0,0,0,0.17750137671101449,0.15846345201930492,0.15246641013281167,0.25088117508369767,0,0.15358605848848536,0.10710152756468588
0,0,0,0.18055302509019142,0.16111845536100725,0.15496780446701908,0.2562471358324043,0.1384618091294601,0,0.10865177011991783
0,0,0,0.15647603496518095,0.13919171758558752,0.13432069774132724,0.2216417414079888,0.1195582434483542,0.13478524588217458,0.0940263189693867
0,0,0.5694892891818709,0,0,0,0,0,0,0.430510710818129
0,0,0.3519534741621364,0,0,0,0,0,0.38149084070961936,0.2665556851282442
0,0,0.3714751525513107,0,0,0,0,0.34831802370373893,0,0.2802068237449503
0,0,0.2647275276667911,0,0,0,0,0.2490704608733289,0.2861638004666905,0.20003821099318955
0,0,0.2859198605647446,0,0,0,0.49905276309614444,0,0,0.21502737633911084
0,0,0.2180315147484668,0,0,0,0.3825967358290811,0,0.23511504360115026,0.16425670582130186
0,0,0.22359956361644778,0,0,0,0.3956979526519999,0.21288714636488917,0,0.1678153373666631
0,0,0.18007228414281212,0,0,0,0.3191218464827601,0.17144802555458832,0.19392890186289186,0.1354289419569476
0,0,0.35563573852433544,0,0,0.37830321674637346,0,0,0,0.2660610447292911
0,0,0.2559536682864255,0,0,0.2744717206560774,0,0,0.27732847956822804,0.1922461314892691
0,0,0.2657833043746558,0,0,0.28468295405049293,0,0.2506551959934122,0,0.198878545581439
0,0,0.20605732755008743,0,0,0.22183939642979256,0,0.1946647691545198,0.22276486517553123,0.1546736416900689
0,0,0.2199913186700835,0,0,0.23252776297939554,0.38293782613197047,0,0,0.16454309221855054
0,0,0.1772831785044947,0,0,0.18857502423093045,0.309987209982493,0,0.19122991940254747,0.13292466787953439
0,0,0.18104405865824405,0,0,0.19240212916863392,0.31863346861776326,0.17262280345678793,0,0.13529754009857092
0,0,0.1512606822645344,0,0,0.16151179013993458,0.2667401928173047,0.1442024177619234,0.16297106091724847,0.11331385609905446
0,0,0.3511299599944374,0,0.3797963734984509,0,0,0,0,0.2690736665071116
0,0,0.25379490913212577,0,0.2762962420447984,0,0,0,0.27583112230655266,0.19407772651652314
0,0,0.2631837747211251,0,0.28647100982109786,0,0,0.2494647691559696,0,0.20088044630180743
0,0,0.2046118426886493,0,0.2235301316685283,0,0,0.19404173610931702,0.22182145538407824,0.15599483414942722
0,0,0.21503430979092436,0,0.23818361912441469,0,0.38347958720226205,0,0,0.16330248388239882
0,0,0.17441860524016037,0,0.19321684465281008,0,0.3111451873219828,0,0.18878231578057397,0.13243704700447276
0,0,0.1779996104530167,0,0.19710898547730882,0,0.3196218513757412,0.1704178611194238,0,0.1348516915745095
0,0,0.149335452616985,0,0.1653838074600687,0,0.2678931857697145,0.14283728726737058,0.1613849881552898,0.11316527873057144
0,0,0.25309182129762964,0,0.2790757931634193,0.275963174787926,0,0,0,0.19186921075102503
0,0,0.19838217320728774,0,0.21901884470274602,0.21663254122580272,0,0,0.2155103429520552,0.15045609791210832
0,0,0.20386579324802795,0,0.22521950592573553,0.22270318382982676,0,0.19392350575029435,0,0.15428801124611546
0,0,0.16692598361692584,0,0.18448812516959995,0.18248956379807374,0,0.15875035992035075,0.18094588508431098,0.12640008241073877
0,0,0.17476783234995105,0,0.19528036984897434,0.1882902826728473,0.3097235648239608,0,0,0.13193795030426655
0,0,0.14688660085686767,0,0.16393819916603902,0.15865485185293615,0.260583449335934,0,0.15896627779959244,0.11097062098863061
0,0,0.14943034370731004,0,0.16679762784673155,0.16140310089356788,0.266516878203289,0.1432024841684754,0,0.11264956518062617
0,0,0.1286419211151538,0,0.14345427740550293,0.13921194242416762,0.22943688543159596,0.1231602103221136,0.1390315096707853,0.09706325363068075
0,0,0.33315937647415306,0.41584494684262846,0,0,0,0,0,0.2509956766832186
0,0,0.2443276552770176,0.3067885535816089,0,0,0,0,0.26447626696071924,0.18440752418065426
0,0,0.25271230291291114,0.31793483935811867,0,0,0,0.2391554934483793,0,0.19019736428059086
0,0,0.19833331809415072,0.25016353109943784,0,0,0,0.18777492196020995,0.21421384337071983,0.14951438547548174
0,0,0.21064551925207753,0.26269601901026723,0,0,0.36848876050093804,0,0,0.1581697012367172
0,0,0.17131928324377518,0.2144471567430007,0,0,0.30071783316869743,0,0.18465817208610558,0.12885755475842114
0,0,0.17473222095175048,0.21885581215853483,0,0,0.30854894019614226,0.16680151980538252,0,0.13106150688818993
0,0,0.14692630923128333,0.1844812623768934,0,0,0.2598228922319268,0.14018487199354696,0.1581883713417363,0.1103962928246133
0,0,0.2465826452425044,0.3068647963608671,0,0.2619494895029175,0,0,0,0.18460306889371103
0,0,0.19408071377421096,0.24275603666560058,0,0.20745281491446207,0,0,0.21002852257903737,0.14568191206668904
0,0,0.19927506449499086,0.24960323276931892,0,0.21286195661632212,0,0.1890816355533962,0,0.1491781105659719
0,0,0.1637106219354018,0.20563520241965494,0,0.17563256802154048,0,0.15535053123477094,0.17683766387845384,0.1228334125101781
0,0,0.17259885942853354,0.21479066878264527,0,0.18243176020560897,0.3010802520306273,0,0,0.12909845955258492
0,0,0.1451640224732862,0.18126845437839467,0,0.15423098689382797,0.25403054932969604,0,0.15651008684509807,0.10879590007969704
0,0,0.14765022163564898,0.18446942348995232,0,0.15677076988720387,0.2596555255551884,0.1410721995294889,0,0.11038185990251759
0,0,0.12720732133233104,0.15931566870157998,0,0.1356136169701852,0.22409273450201336,0.12147637647180005,0.13701136884931037,0.09528291317278006
0,0,0.24378329531384138,0.3060944162977026,0.2645696091299595,0,0,0,0,0.18555267925849644
0,0,0.19238352383353627,0.24255696959520268,0.20978026035310668,0,0,0,0.20890447967857628,0.1463747665395781
0,0,0.19738702936053895,0.24929140595350113,0.2152289168408374,0,0,0.18815821756031675,0,0.14993443028480583
0,0,0.16248948914892708,0.20560349886253898,0.17769031664155938,0,0,0.1547580812713532,0.17604936523500261,0.1234092488406188
0,0,0.1696573646391372,0.2126966576247803,0.18742920453021195,0,0.3017796891412673,0,0,0.12843708406460327
0,0,0.14324318378374193,0.18006105452265156,0.1583683219172585,0,0.2548952859084684,0,0.15495692861948554,0.10847522524839406
0,0,0.14562873662544862,0.18320453518569296,0.160969067720489,0,0.26044246159539264,0.13967588165769315,0,0.11007931721528368
0,0,0.12581279402307788,0.15854892950692429,0.13913322983119467,0,0.22491849496464683,0.12052595528277384,0.13591353198632153,0.09514706440506099
0,0,0.19269892224674756,0.24104656863933677,0.21196264117398078,0.20861146886863588,0,0,0,0.14568039907129904
0,0,0.1591191802489028,0.19981073254099102,0.17534249845976352,0.1726544516321414,0,0,0.17269609349909837,0.12037704361910291
0,0,0.16246715690604965,0.20427621998835294,0.1791064840923261,0.17632375816039625,0,0.1551298231314461,0,0.12269655772142901
0,0,0.13805610272875513,0.17396537617723717,0.1523390790750995,0.1500576797184638,0,0.1316974882563554,0.14955073860106038,0.10433353544302866
0,0,0.14366344601500597,0.1796221065857877,0.15988334336274487,0.15424810390409963,0.2542973188341528,0,0,0.10828568129820909
0,0,0.12421847401274065,0.1557168613372906,0.13821183110092944,0.13371532621021073,0.22007115718487869,0,0.1343619984483907,0.09370435170555928
0,0,0.12601813246918997,0.1580742786912256,0.14022708666143813,0.13564769947572755,0.22421146868009562,0.12092734874091488,0,0.09489398528140833
0,0,0.11086747604448098,0.139325688432126,0.1233294767778016,0.11957966141441773,0.1972957379441486,0.10627100194365073,0.11977408483862706,0.0835568726047474
0,0.6119147567527377,0,0,0,0,0,0,0,0.38808524324726235
0,0.3929674977926535,0,0,0,0,0,0,0.3576478316630264,0.24938467054432012
0,0.4127336504933177,0,0,0,0,0,0.32521881279635606,0,0.26204753671032627
0,0.29989576190677497,0,0,0,0,0,0.23678936128103356,0.2728887416106163,0.1904261352015752
0,0.3224675394036365,0,0,0,0,0.4736712377170622,0,0,0.20386122287930125
0,0.24912285199503081,0,0,0,0,0.36735183995839576,0,0.22589003629291438,0.15763527175365905
0,0.25485017382446806,0,0,0,0,0.37996849554817136,0.20399872808113248,0,0.16118260254622802
0,0.20698554861283747,0,0,0,0,0.3086490235773497,0.16556066774834993,0.18779086660179378,0.1310138934596691
0,0.39610263947909774,0,0,0,0.3544209531796023,0,0,0,0.2494764073412999
0,0.2904388655025634,0,0,0,0.261499887694271,0,0,0.2647421197503077,0.1833191270528579
0,0.30053948580149475,0,0,0,0.2712186255345926,0,0.23853536496965727,0,0.18970652369425534
0,0.23569364958889832,0,0,0,0.21342760543821743,0,0.18714837422685865,0.21476720290070156,0.14896316784532407
0,0.25086222564520266,0,0,0,0.22320036063706916,0.36793540507449396,0,0,0.1580020086432343
0,0.20389694582044557,0,0,0,0.1823589276536393,0.2999940282198975,0,0.18514920644356242,0.12860089186245524
0,0.2077545421884918,0,0,0,0.1861298801815956,0.30840730397635846,0.16673164759178538,0,0.13097662606176874
0,0.17464676385176314,0,0,0,0.157016325827424,0.2594372093984334,0.140024846802814,0.15864560010730355,0.11022925401226186
0,0.3931309495847565,0,0,0.3576333673806276,0,0,0,0,0.2492356830346159
0,0.2897392541700991,0,0,0.26484074714201555,0,0,0,0.26157849320923204,0.18384150547865327
0,0.29948317779509537,0,0,0.2746046460168587,0,0,0.23577634220653168,0,0.19013583398151435
0,0.2354705239724853,0,0,0.21636275283635076,0,0,0.18577781719464287,0.21286318457638523,0.1495257214201359
0,0.24700840137980493,0,0,0.23000015731493367,0,0.366796617801329,0,0,0.15619482350393243
0,0.20188686425951166,0,0,0.18787418696938968,0,0.30018515030553916,0,0.18227481941824683,0.12777897904731267
0,0.20562901780763815,0,0,0.19177247810847353,0,0.30830662159678013,0.16415941138509754,0,0.1301324711020107
0,0.17344363611167565,0,0,0.16161944430290537,0,0.2599202996401612,0.1384336556967564,0.1567477289992733,0.10983523524922814
0,0.28864484797601037,0,0,0.26783090137916815,0.26156382075531037,0,0,0,0.1819604298895111
0,0.22865408818883035,0,0,0.2121642189716253,0.20779181813679956,0,0,0.20698242237497294,0.14440745232777188
0,0.23439417159217948,0,0,0.21824753771103902,0.21354052892105646,0,0.18575083155418556,0,0.14806693022153944
0,0.19327587851061565,0,0,0.17980510860790702,0.1763225851264234,0,0.15327886087919163,0.17509402574025298,0.12222354113560932
0,0.2020593568837959,0,0,0.18996495164389227,0.18167925496130033,0.298948276937322,0,0,0.1273481595736895
0,0.17071955670247618,0,0,0.16020356477053324,0.153966773685566,0.2529696428061123,0,0.15440724574995396,0.10773321628535833
0,0.17337071621785238,0,0,0.16307826514022572,0.15664394536008897,0.2587175598192352,0.1388024941873426,0,0.1093870192752551
0,0.14984637384321292,0,0,0.14069051105456104,0.13566063023794728,0.22363981240419792,0.1199016240013327,0.1356252295014727,0.09463581895727544
0,0.3734438456322783,0,0.39217221412180625,0,0,0,0,0,0.2343839402459155
0,0.27873792360274474,0,0.2938864144682437,0,0,0,0,0.251859923086714,0.17551573884229754
0,0.28741651939070306,0,0.3045665594859342,0,0,0,0.2270035426053303,0,0.1810133785180326
0,0.22793550181041894,0,0.24178767000441548,0,0,0,0.18026971523081012,0.2061937350381136,0.14381337791624182
0,0.24143881474138856,0,0.2533857817946369,0,0,0.3534581971725711,0,0,0.15171720629140345
0,0.19787083893661372,0,0.20821793092091914,0,0,0.2907183976668159,0,0.17861281152698147,0.12458002094866975
0,0.2014016154551826,0,0.2125906676365198,0,0,0.2982924717568401,0.16095478569319838,0,0.12676045945825923
0,0.1702782746987738,0,0.17998001038817352,0,0,0.2525088396250686,0.13603822960741568,0.15386814782541372,0.10732649785515473
0,0.28072434278130565,0,0.29429750462505355,0,0.24927118090017175,0,0,0,0.1757069716934691
0,0.2232636392920386,0,0.234856934844546,0,0.19953741784634013,0,0,0.2021619494340373,0.14018005858303795
0,0.2286604629416008,0,0.24153507786539619,0,0.20473209538297613,0,0.18150475703463592,0,0.143567606775391
0,0.18917096735793948,0,0.20008953595652548,0,0.17007115413493168,0,0.1502309727779571,0.17142178505829084,0.11901558471435546
0,0.1990538410200407,0,0.2086687257159075,0,0.17635566188446847,0.2910990311696742,0,0,0.12482274020990915
0,0.16833074396072825,0,0.17688588917092096,0,0.14988955132460707,0.24693319166669753,0,0.15219793400306647,0.10576268987397973
0,0.1708963072026591,0,0.18007468315857134,0,0.1523859910844307,0.252415339824949,0.13688794100331955,0,0.10733973772607028
0,0.14784976522266485,0,0.15600232005102443,0,0.1323159611019332,0.21867518542212508,0.11836486847374707,0.13378674263408602,0.09300515709441942
0,0.2792745659133919,0,0.29181199291750093,0.2533179862171339,0,0,0,0,0.1755954549519733
0,0.22262291155615935,0,0.23376445864186812,0.20295224735804865,0,0,0,0.20033360821932683,0.1403267742245971
0,0.22789987636533351,0,0.24019609896153565,0.20825636831581865,0,0,0.179950223037703,0,0.14369743331960924
0,0.1888250901318288,0,0.19946639357463186,0.1730184466998147,0,0,0.14928251255102587,0.17017476920796853,0.11923278783473024
0,0.19690665744942848,0,0.2060989958111431,0.18217032811078415,0,0.29095431917806036,0,0,0.12386969945058396
0,0.16704123461755574,0,0.17536990468257938,0.15467028929542512,0,0.247261699463718,0,0.15040259346543017,0.10525427847529158
0,0.16954845405198118,0,0.1784564981899367,0.15726912604796092,0,0.2526137719199866,0.13528969146149075,0,0.10682245832864398
0,0.14699800747417197,0,0.15499828093507279,0.1363848562202074,0,0.21910805515516762,0.11728013014483402,0.13250496184860652,0.09272570822193969
0,0.222751328813232,0,0.23250204922785506,0.20510701290747618,0.19997115100425578,0,0,0,0.13966845804718103
0,0.18509404640117696,0,0.19401512866679183,0.17076016382231327,0.1668288237604851,0,0,0.16695053314738095,0.11635130420185189
0,0.18862876421889904,0,0.19834962369124592,0.17446933463890096,0.17034291218233635,0,0.14962178199609202,0,0.11858758327252568
0,0.16100166267493538,0,0.16968350645974337,0.14901845400173466,0.14575520318966806,0,0.12777283153671912,0.145378682968613,0.10138965916858639
0,0.16737661646934537,0,0.17502057564726836,0.15617207213626005,0.14965299114923863,0.24670045374459254,0,0,0.10507729085329505
0,0.14522563541087885,0,0.15227622393318993,0.13546740199261426,0.130288985372433,0.21443743708165228,0,0.13097945914098605,0.09132485706824564
0,0.14711083515146234,0,0.15460607748226313,0.13748721235289424,0.13217593062242955,0.21846297017234745,0.11766039794866226,0,0.09249657626994098
0,0.12977986325859378,0,0.13663091501341998,0.121216540228446,0.11688923013513337,0.19286264574120945,0.10376160858927384,0.11715366410024342,0.08170553293368019
0,0.4041738477041089,0.3394910594766464,0,0,0,0,0,0,0.2563350928192448
0,0.29559066870741346,0.2479972344866911,0,0,0,0,0,0.26883503362154354,0.18757706318435186
0,0.3059531143137936,0.25757898328141404,0,0,0,0,0.24225571186705486,0,0.19421219053773758
0,0.23936112500165377,0.2012371614167977,0,0,0,0,0.1897178891235794,0.2177134249147868,0.15197039954318237
0,0.2529762901641035,0.21270206497657707,0,0,0,0.3742759877407422,0,0,0.16004565711857727
0,0.2056462092027249,0.17277372212292083,0,0,0,0.3048210762080733,0,0.1865665862413069,0.13019240622497408
0,0.20950979077934334,0.17648069685654444,0,0,0,0.3133948529755881,0.16801643203509425,0,0.13259822735342985
0,0.17608937539426206,0.14817952442692062,0,0,0,0.26331403106047824,0.14108331732461243,0.1598217562053204,0.11151199558840627
0,0.296479203844446,0.24948139886930848,0,0,0.2670091386972053,0,0,0,0.1870302585890402
0,0.23325725429215813,0.19603689277880515,0,0,0.2108833932666232,0,0,0.21245409888640515,0.14736836077600837
0,0.23941510155146054,0.20181647721222185,0,0,0.2169164486399293,0,0.19058417250274742,0,0.1512678000936409
0,0.19650053457697264,0.1654140791995358,0,0,0.1784313905369601,0,0.15642490616025143,0.17895704145773414,0.1242720480685458
0,0.20648531861843294,0.1738147952963346,0,0,0.18480148387170686,0.30469079683698885,0,0,0.13020760537653678
0,0.1736970680237021,0.14609229563583853,0,0,0.1560205995602958,0.25676893752127616,0,0.15777198101163487,0.10964911824725247
0,0.1764592352092293,0.14876161105909355,0,0,0.1587639486361298,0.26285154462280835,0.1418048382563103,0,0.11135882221642873
0,0.1520447361746996,0.12805244385162004,0,0,0.1371413057858472,0.22652578434100534,0.1220561112068872,0.1381437430339763,0.09603587560596431
0,0.29615536898701456,0.2460432688699543,0,0.27004830808567126,0,0,0,0,0.18775305405735987
0,0.23337408960921138,0.1941838570013954,0,0.21350387965207224,0,0,0,0.21088183856632453,0.14805633517099653
0,0.23945920978365826,0.19968272363511916,0,0.21961270494498264,0,0,0.18926666680536086,0,0.15197869483087903
0,0.19669755075860465,0.16413346405914067,0,0.18069988696313433,0,0,0.1556722828234935,0.17792355348435432,0.1248732619112726
0,0.20469101963670763,0.17074155302869604,0,0.1901127725332479,0,0.3049550310899206,0,0,0.12949962371142784
0,0.1726864292388129,0.14413689450329112,0,0.16035945053070721,0,0.25744636863872955,0,0.1560387980375752,0.10933205905088403
0,0.17541617237549784,0.14668606506787324,0,0.16318853579180345,0,0.26339851209604026,0.14025865543849805,0,0.11105205923028715
0,0.1514238669853327,0.1266482818752893,0,0.14080781972787315,0,0.22724040898043696,0.12103004912213694,0.13693488359728428,0.09591468971164671
0,0.23261188378035608,0.1938545140553104,0,0.21540573574254124,0.2113248622317993,0,0,0,0.1468030041899929
0,0.19200460006299255,0.16014741372058353,0,0.17784689212729934,0.1747851871021407,0,0,0.17387507842595154,0.12134082856103223
0,0.19594797797272995,0.16376919502042842,0,0.18199747237860914,0.17876530264601312,0,0.15566520611050266,0,0.12385484587171673
0,0.16635545412429134,0.139073659110031,0,0.15445117278654966,0.15192327547860138,0,0.13220827518631906,0.1507473754858468,0.1052407878283607
0,0.17271572410970576,0.14433993909228754,0,0.1618032626688351,0.15578949527625152,0.2563997042471496,0,0,0.10895187460577054
0,0.14929646421210124,0.12480996380177856,0,0.13969456108911743,0.13497426975884638,0.22184397641660264,0,0.1351060989727105,0.09427466574884324
0,0.15131770384608656,0.12671709970850487,0,0.1418662088065744,0.13703083038489855,0.22624939886935816,0.12127989497538574,0,0.09553886340919168
0,0.13308091656943724,0.11144701020569645,0,0.12461007791992403,0.12070257134308951,0.19896638511444573,0.10659831626623785,0.12050362743319794,0.08409109514797124
0,0.2841405267972016,0.237192506341642,0.2998834838204256,0,0,0,0,0,0.17878348304073086
0,0.22581661712604376,0.18865413115795238,0.2388777671500571,0,0,0,0,0.20425777126731032,0.14239371329863643
0,0.23131014077954032,0.19372507228072058,0.24570148384895707,0,0,0,0.1833843037871954,0,0.1458789993035866
0,0.1911867203584096,0.16012525977858905,0.2031965253495576,0,0,0,0.1516739119387157,0.1730826055365315,0.12073497703819655
0,0.20024596648463555,0.16767388707286096,0.21101447350979785,0,0,0.2950288708153985,0,0,0.12603680211730708
0,0.16938975593403746,0.14185640331709365,0.17880311170793378,0,0,0.2500956717349905,0,0.1530854552954368,0.10676960201050782
0,0.17195810963002067,0.1443003477952765,0.18201812202664083,0,0,0.2556720605334959,0.13768789356933278,0,0.1083634664452333
0,0.14877390016667333,0.12481616238171787,0.1576069280142251,0,0,0.2213274137797325,0.11905731911429618,0.1345606226279183,0.09385765391543671
0,0.2266996159685953,0.18969059405337335,0.23871384389066796,0,0.20264529740450551,0,0,0,0.1422506486828579
0,0.18778915357703677,0.15717808468309913,0.19817494703347882,0,0.16860818173809464,0,0,0.17015048010755518,0.11809915286073544
0,0.19149393989353342,0.1606394471730616,0.20279668152564034,0,0.17223083506265707,0,0.15240893506118341,0,0.1204301612839242
0,0.16304908282282554,0.13674969890595706,0.17282121070247533,0,0.14707674536264187,0,0.12978187467734575,0.14782142847359897,0.10269995905515551
0,0.17005928225850164,0.14259593411986538,0.1789279477426592,0,0.15150920454741293,0.25008933434837144,0,0,0.10681829698318944
0,0.14718514549460415,0.1234091570812699,0.15511580557582147,0,0.13162032264830115,0.21688242303278618,0,0.1331964318284064,0.09259071433881079
0,0.14912870261883993,0.12527129987457844,0.15755422047806486,0,0.13353959586251826,0.22108602307504002,0.11962918336081363,0,0.09379097473014492
0,0.131307939346414,0.11026600852003857,0.13885364128889632,0,0.1179061120764174,0.1948201269597758,0.10526190737887971,0.11890141091641322,0.082682853513165
0,0.22637275744987845,0.18760721665863994,0.23764993441777732,0.20579945400437877,0,0,0,0,0.14257063746932555
0,0.18768245216994092,0.15584121052971622,0.19768722008371942,0.1712608208394335,0,0,0,0.16911093117457227,0.11841736520261768
0,0.191359909753805,0.15917366728102283,0.20220320160230068,0.17495854366706737,0,0,0.15153856548567274,0,0.12076611221013137
0,0.1630296971816287,0.1357548125240282,0.17254804212439281,0.14938622849869965,0,0,0.12920517507058144,0.14707165801092897,0.10300438658974023
0,0.16894112174268144,0.14060549248046028,0.17744030590022117,0.15609508924428386,0,0.2505147030714795,0,0,0.1064032875608737
0,0.1464774063326481,0.12202607860267249,0.15418841846501144,0.13545218431630224,0,0.2174505251420441,0,0.13203134758638718,0.0923740395549344
0,0.1484025102182741,0.12381917469286023,0.15657576455032135,0.13743946763043505,0,0.2215902710399389,0.11859181771782651,0,0.09358099415034385
0,0.13083120656819486,0.10921544652088556,0.13822084087199266,0.12121002421443178,0,0.1953828536630675,0.10452191541457154,0.11803668362625852,0.08258102912059762
0,0.18765256418587473,0.15595770310888893,0.1967007635316667,0.17272232907543217,0.16908885349210878,0,0,0,0.11787778660602873
0,0.16022274522007313,0.1333341908895057,0.16845494367017658,0.14770566096081789,0.14479592429204882,0,0,0.14464665919322314,0.10083987577415476
0,0.16283204907317242,0.1357294195663451,0.17167580824285314,0.1504307895915903,0.14741153989960856,0,0.12942797871729728,0,0.10249241490913322
0,0.14183064274466906,0.11830743896110205,0.1497854498924058,0.13112009761989996,0.1286423644242817,0,0.112764376705207,0.1281565647123979,0.08939306494003656
0,0.14665464936300096,0.1222760188490184,0.15384623775321796,0.13654647887489396,0.13158437015057817,0.21690557402764457,0,0,0.09218667098164594
0,0.12938018996624784,0.10794476647737378,0.13600792692877112,0.12045427031155184,0.1163931594620542,0.19159366549089796,0,0.11678740959387962,0.08143861176922362
0,0.13087362047633946,0.1093480916835857,0.13786586035142165,0.12204348838966275,0.11790015170410913,0.1948060390403695,0.104793330901732,0,0.08236941745277981
0,0.11698141938445766,0.0977734546923352,0.12339721738317497,0.1090502296052277,0.1055900758763865,0.17420013740660087,0.09362865965086045,0.10567392284081156,0.07370488316014508
0.5855856423759235,0,0,0,0,0,0,0,0,0.41441435762407663
0.36946932605575866,0,0,0,0,0,0,0,0.3717453323718848,0.25878534157235655
0.38754414583192487,0,0,0,0,0,0,0.3376475678947214,0,0.2748082862733538
0.27928540368190463,0,0,0,0,0,0,0.2423343827541467,0.2818699434687064,0.19651027009524233
0.3029883692753633,0,0,0,0,0,0.4890045810436815,0,0,0.20800704968095526
0.2333324739561093,0,0,0,0,0,0.3765311863148564,0,0.22993296017774273,0.16020337955129155
0.2376813359946164,0,0,0,0,0,0.3909328860269626,0.20667748702727248,0,0.1647082909511485
0.1926118829119307,0,0,0,0,0,0.3157125021401666,0.1671976382692669,0.19120970515474114,0.13326827152389464
0.3726614661797587,0,0,0,0,0.36878453936807665,0,0,0,0.25855399445216465
0.2715671140606402,0,0,0,0,0.2688494649900284,0,0,0.27174263742784116,0.18784078352149025
0.2800608291481052,0,0,0,0,0.2803995925457379,0,0.2439681968692634,0,0.1955713814368934
0.2188868337594168,0,0,0,0,0.2188114390902321,0,0.19008934461578286,0.21987496231598141,0.15233742021858687
0.2351826976882944,0,0,0,0,0.22741585133858383,0.3769496845487019,0,0,0.1604517664244198
0.19073253650024602,0,0,0,0,0.18522797360397747,0.3059643021470258,0,0.1878133322106615,0.1302618555380892
0.1934936562978355,0,0,0,0,0.18968854503226867,0.3153462288799969,0.16831325096578453,0,0.13315831882411439
0.16243016331759766,0,0,0,0,0.15950851957776774,0.2642643906257569,0.14107771309445194,0.16097925377640543,0.1117399596080203
0.37017751435361623,0,0,0,0.3711916444640616,0,0,0,0,0.25863084118232216
0.2709762590823568,0,0,0,0.2718268429433945,0,0,0,0.26849334474378456,0.18870355323046423
0.2792260154840252,0,0,0,0.2834447401054679,0,0,0.24115953657121422,0,0.19616970783929272
0.2186934430229706,0,0,0,0.22152439903594145,0,0,0.18881515347931874,0.21789860095028138,0.1530684035114878
0.23145121752555775,0,0,0,0.23399874181232685,0,0.37574409457321906,0,0,0.15880594608889637
0.18871616759987353,0,0,0,0.19056390201405582,0,0.3062265552087552,0,0.1849289353553602,0.12956443982195523
0.19143079301556923,0,0,0,0.195208288604855,0,0.31520244312285395,0.16578396013608682,0,0.13237451512063497
0.16121866036389598,0,0,0,0.16399793893348902,0,0.2647845475654948,0.13954393537485252,0.1590480865620883,0.11140683120017933
0.2701525640843653,0,0,0,0.2747446376806089,0.268788006073222,0,0,0,0.18631479216180372
0.2133127123126622,0,0,0,0.2163427278396219,0.21229819713481402,0,0,0.21094399229131022,0.1471023704215917
0.217878010514002,0,0,0,0.22339393041542221,0.21885136110304493,0,0.1885357563305506,0,0.15134094163698023
0.17930307154721478,0,0,0,0.18314772238422988,0.17986100656506804,0,0.15505363854598328,0.1782480249703934,0.12438653598711055
0.18908710889466163,0,0,0,0.19266229290852088,0.1845538969003647,0.3047000203408811,0,0,0.1289966809555717
0.15947623725694088,0,0,0,0.1621316978016732,0.1560719511498041,0.2571318160435454,0,0.1562464229147814,0.10894187483325497
0.161312140585833,0,0,0,0.165470717311755,0.15912138277137106,0.26339405282877026,0.1398290328229199,0,0.11087267367935082
0.13927040222190182,0,0,0,0.14243595038666607,0.13751005861814472,0.2271242810332618,0.12064843871931769,0.13727183686791866,0.09573903215278926
0.35159288438756037,0,0,0.407139741701837,0,0,0,0,0,0.24126737391060263
0.2610722937003838,0,0,0.302078335838871,0,0,0,0,0.25752319446836236,0.1793261759923828
0.26828576055300024,0,0,0.3146696083851487,0,0,0,0.23120650080314897,0,0.18583813025870202
0.2120787976735133,0,0,0.2479291830535122,0,0,0,0.1827206625340405,0.21051549089664393,0.14675586584229017
0.22673509811709652,0,0,0.2583087546547158,0,0,0.36113786126565006,0,0,0.15381828596253752
0.185377382640425,0,0,0.21162072879211358,0,0,0.2960185859718069,0,0.18091597910067783,0.12606732349497665
0.18790841808084835,0,0,0.2167738243635172,0,0,0.3043784846991321,0.16226456601018874,0,0.12867470684631366
0.15861717679564344,0,0,0.18294590332265254,0,0,0.25686590664671954,0.13695103218083032,0.15592691563619268,0.10869306541796152
0.26322014492656454,0,0,0.3023350080905485,0,0.2551681941199944,0,0,0,0.1792766528628926
0.20871374136817344,0,0,0.23988694776286007,0,0.20332574738182896,0,0,0.20562510380957777,0.1424484596775597
0.21296743535987542,0,0,0.24757714697158975,0,0.2092483420169917,0,0.18383683679300472,0,0.14637023885853845
0.17585302352524296,0,0,0.20412365448027447,0,0.1731398901099113,0,0.15173600727355632,0.17424841694783874,0.12089900766317621
0.186690076829662,0,0,0.21201734374424688,0,0.17881789307762566,0.29624743558705574,0,0,0.12622725076140973
0.15758028971794957,0,0,0.17933077294040495,0,0.1517257409657277,0.25069992000834784,0,0.15385166394283786,0.10681161242473211
0.15934872936359346,0,0,0.18300571528966908,0,0.15457336233969968,0.2566680140366206,0.1377511025874371,0,0.10865307638298001
0.13769274634711798,0,0,0.15818323415058616,0,0.13396779574893042,0.22186963833628004,0.1189995330458879,0.1352963513840153,0.09399070098718221
0.26184826113681575,0,0,0.2998294928058311,0.2589207190208894,0,0,0,0,0.17940152703646364
0.2080298471355344,0,0,0.2388797980246774,0.20651187678522961,0,0,0,0.2038126897671325,0.14276578828742606
0.21223393077032388,0,0,0.2462049506410589,0.21259207384877182,0,0,0.18234652970166973,0,0.14662251503817564
0.17546676702708888,0,0,0.2035334854563407,0.1759319460544885,0,0,0.1508604671331787,0.172994846630188,0.12121248769871525
0.1845368510774688,0,0,0.20946375006795942,0.1844798494189147,0,0.2961450120976526,0,0,0.12537453733800452
0.15624154467573892,0,0,0.17785138117633034,0.15637024618849346,0,0.25109228053962934,0,0.15206642643650287,0.1063781209833051
0.15799558521090384,0,0,0.18137083346103783,0.15935972700005444,0,0.2568879127114515,0.13620019644530965,0,0.10818574517124273
0.13680644849185014,0,0,0.15718792821600366,0.1379440966371064,0,0.22234143223833752,0.11795828891996735,0.1340079892232566,0.09375381627347831
0.20841600472197985,0,0,0.23734697732646365,0.2086165825685664,0.20373323937066584,0,0,0,0.1418871960123243
0.1727933258069648,0,0,0.1973918523814799,0.17318134700396728,0.16948244589483358,0,0,0.16923832625561397,0.11791270265714046
0.17548678532764295,0,0,0.2022552407256091,0.17736426629767602,0.17339097573958218,0,0.15106831659564565,0,0.12043441531384419
0.1495673831182325,0,0,0.17250764350278674,0.15108926726485025,0.14797839662487006,0,0.12879802787473646,0.1473293282761341,0.10272995333838991
0.15674261685721358,0,0,0.1774125479402785,0.15786604449749692,0.15149613245946897,0.2503605417111593,0,0,0.10612211653438279
0.13578227965582254,0,0,0.15411736738395287,0.1367630212738073,0.1317236199515621,0.21726070991563418,0,0.1322121812368565,0.0921408205823645
0.13705708907910638,0,0,0.15673626652082132,0.13904764599813663,0.13382421913654502,0.22157890767368216,0.11828441229116882,0,0.0934714593005397
0.12078500447436206,0,0,0.13829166854318012,0.12242191904495317,0.11818532932806498,0.19530873974866503,0.10424670305601329,0.1182906211147279,0.0824700146900335
0.3801776904935947,0,0.3533567210360694,0,0,0,0,0,0,0.2664655884703359
0.2761778777573738,0,0.25483809992840917,0,0,0,0,0,0.27635768713980324,0.19262633517441383
0.28492965240720614,0,0.26624547841534174,0,0,0,0,0.24816922664815777,0,0.20065564252929435
0.22208786202800831,0,0.2061727094205641,0,0,0,0,0.19293477059073894,0.2231433565316894,0.15566130142899925
0.23689235892479615,0,0.2165312446451208,0,0,0,0.38385314334218645,0,0,0.16272325308789665
0.19214564211747856,0,0.17531789838933257,0,0,0,0.3111599157209459,0,0.18937448671616552,0.13200205705607748
0.1949050273746688,0,0.17970492398470514,0,0,0,0.32072275722962473,0.16972663455932593,0,0.1349406568516753
0.1635861704267879,0,0.15039175706085645,0,0,0,0.2684034470695187,0.14222599738363784,0.1622624805732206,0.11313014748597852
0.27721387204129216,0,0.25621132061483093,0,0,0.2747547616591416,0,0,0,0.19182004568473537
0.2174162148123811,0,0.1999864567071576,0,0,0.2155652463589497,0,0,0.21681547344010993,0.15021660868140163
0.22230089174605167,0,0.20667258252050308,0,0,0.2225361397141532,0,0.19368666196906217,0,0.1548037240502299
0.18212582972806227,0,0.16851574001973801,0,0,0.18209916051894445,0,0.15832985135288286,0.18238097459654706,0.1265484437838254
0.19311011760504182,0,0.17631390490522103,0,0,0.18776613986287172,0.3108798944279653,0,0,0.1319299431989001
0.1621820778264339,0,0.1478655022686218,0,0,0.15816500880878226,0.261160558945303,0,0.1597351460731646,0.11089170607769448
0.16406825172701528,0,0.150944806374798,0,0,0.16133238784105386,0.2678345014499298,0.1428993270235301,0,0.11292072558367294
0.1412323825593531,0,0.1296374267883862,0,0,0.13903670717896008,0.23018376009259567,0.12283398665521213,0.1398969540598305,0.09717878266566239
0.2770486633048085,0,0.25269454749116843,0,0.2774308719205928,0,0,0,0,0.1928259172834304
0.2175157866570848,0,0.19819576057859395,0,0.21792757603105523,0,0,0,0.21524818097960935,0.15111269575365666
0.22241023087673636,0,0.204484033224592,0,0.22502390660915844,0,0,0.1924260036992633,0,0.15565582559024987
0.1822953343116415,0,0.16725622045929633,0,0.18419665086598747,0,0,0.15765801483937542,0.1813308143422221,0.1272629651814772
0.19133484444693322,0,0.17324540202309885,0,0.19291130136999068,0,0.3111737888067989,0,0,0.1313346633531783
0.16113087157707023,0,0.1459383024799748,0,0.16235766253885853,0,0.2619062938650496,0,0.15800715841645308,0.11065971112259373
0.16303496694264505,0,0.14884891938225522,0,0.16565500933879912,0,0.26839410071746106,0.1414002614387409,0,0.11266674218009856
0.14058297042930207,0,0.12823833363579204,0,0.14260583356805873,0,0.23093872077359764,0.12185442408990882,0.13867548172511737,0.09710423577822333
0.21702293359657313,0,0.19761663639919974,0,0.21978674646390378,0.21598102369987773,0,0,0,0.14959265984044565
0.1787594073541824,0,0.16267767558379875,0,0.18075133063320797,0.1779466586074202,0,0,0.17664070386970476,0.12322422395168588
0.1817739286869085,0,0.1667474992302358,0,0.18548117689211074,0.1824097001419435,0,0.15750072970588455,0,0.12608696534291702
0.15412762126862084,0,0.14116871312105153,0,0.1568736406411592,0.15451003862058363,0,0.13346427381578407,0.15304121905824963,0.10681449347455113
0.16133276202208366,0,0.14606255734953835,0,0.1638020796931703,0.1579436392807131,0.260668695793967,0,0,0.11019026586052766
0.1392636015621432,0,0.12611286871797647,0,0.14118808898170043,0.1366151996828995,0.2250668467646293,0,0.13653471354660915,0.09521868074404201
0.14062042456184531,0,0.1282558255180234,0,0.14367015746979744,0.13892201352651706,0.22981703716214438,0.1220456308575745,0,0.09666891090409804
0.12357014450316445,0,0.11262720109307452,0,0.12597864555658522,0.12216479667823826,0.20172046985916844,0.10717844852521323,0.12179914606158967,0.08496114772296628
0.2661374261017968,0,0.24260811359356318,0.3084905873892766,0,0,0,0,0,0.18276387291536342
0.21085058768806422,0,0.1920384873537398,0.24424775476751218,0,0,0,0,0.20796599692669732,0.1448971732639865
0.21519025030394512,0,0.19782589626838976,0.252106877380209,0,0,0,0.1859398188465471,0,0.14893715720090903
0.17751855938328837,0,0.16285175565511628,0.20746052238796636,0,0,0,0.15331889402758822,0.1760746720097675,0.12277559653627329
0.18757302317198216,0,0.16983439382994092,0.2145348504860498,0,0,0.30048977692041023,0,0,0.1275679555916169
0.1583812064118988,0,0.14343988041983372,0.1813700994542919,0,0,0.25407651838873313,0,0.1548272203152447,0.10790507500999777
0.1601454787986031,0,0.14622729812378826,0.18507827564373072,0,0,0.260150389645633,0.13862898130858015,0,0.10976957647966479
0.13839418492046945,0,0.12624886012355713,0.15988128295597903,0,0,0.2246815612843744,0.11974803720080286,0.1361375687566777,0.09490850475813942
0.21190889671958646,0,0.19296439865036616,0.24395877927314463,0,0.20656393181403387,0,0,0,0.14460399354286896
0.17517908472446422,0,0.15941364261849397,0.20174826654136468,0,0.17132886507256265,0,0,0.17260925804834593,0.11972088299476853
0.17798033626590717,0,0.1632977777769953,0.20698039996494527,0,0.1753944802405361,0,0.15396989291251267,0,0.12237711283910355
0.15135180106104731,0,0.13863938314170815,0.17579650840006852,0,0.1493573067213288,0,0.1308620047719469,0.14990144337723016,0.10409155252667024
0.15917250196310703,0,0.1441371887837308,0.1814484399442246,0,0.15338994421481522,0.25395686377234705,0,0,0.10789506132177533
0.13755976759170524,0,0.12458658779578702,0.1570322539153953,0,0.13307365278841257,0.21982886113044933,0,0.13449540549960526,0.09342347127864532
0.13885304728410314,0,0.12667620648705474,0.15979729943123816,0,0.1352301636921104,0.22435953649911033,0.12028174103343217,0,0.0948020055729511
0.12214765370097927,0,0.11135056285173313,0.14058387540655712,0,0.11922587924837728,0.19736464551542618,0.10576116111645123,0.12009802324481064,0.08346819891566523
0.21156575327352303,0,0.19091229419160896,0.2429394684140213,0.20950289275944042,0,0,0,0,0.1450795913614063
0.1750026653821103,0,0.15812539013810625,0.20132909870569454,0.17380000334414286,0,0,0,0.17159203903642864,0.12015080339351741
0.17782543648496657,0,0.16183899773851151,0.20639630858874147,0.1779791946267651,0,0,0.15315968779157188,0,0.12280037476944353
0.15127826914085182,0,0.13766747308926439,0.17555539864626968,0.1515387354433897,0,0,0.13034110296366727,0.149155484010278,0.10446353670627916
0.15801916817695214,0,0.14216686387340244,0.1799847015352407,0.15784898732458452,0,0.25442997897146885,0,0,0.1075503001183514
0.13679595729592633,0,0.12322706010457277,0.15613536155433883,0.13679111837150643,0,0.22044918934013835,0,0.1333410599896222,0.09326025334389514
0.13810313415687664,0,0.12522605012173704,0.15881863685041342,0.13904545917086,0,0.22489214269487048,0.11928349869439075,0,0.09463107831085178
0.12163102680865616,0,0.11030937172961394,0.13996239072821184,0.12244912091593955,0,0.197961391497876,0.10505536057200947,0.11923232700546804,0.08339901074222505
0.17519383826138124,0,0.15811350296800702,0.20017802721370104,0.17523136236501025,0.17180551232437313,0,0,0,0.11947775686752739
0.14933528419634534,0,0.13492215800488455,0.1710051351337172,0.1495302903470561,0.1468070497778576,0,0,0.1463780792882353,0.10202200325190397
0.15126319086894435,0,0.13756068704292584,0.17457747329014478,0.15257037534333345,0.1496853412101967,0,0.13047788778548397,0,0.10386504445897088
0.1316144839206479,0,0.11968902849820597,0.15197192887132321,0.1327176475243294,0.13036804387145098,0,0.11354203860070602,0.12966638873979813,0.09043043997353836
0.13711523167607004,0,0.12342657368672652,0.1557300252082149,0.13788025086511024,0.13304489437677508,0.21978505520071467,0,0,0.09301796898638848
0.12080734920936179,0,0.10886013218746235,0.1374988704101851,0.12150398334072288,0.11755961302699755,0.19387714755635554,0,0.117788810482698,0.08210409378621676
0.12179226690712958,0,0.11040727962648189,0.13956347429687993,0.1232822611780641,0.11921973600128598,0.1972989780695827,0.1052872872923577,0,0.08314871662821814
0.10877342288792477,0,0.09862204189299463,0.1247549106674625,0.11003312152768002,0.10665308795736972,0.17620550048863348,0.09402293179005208,0.10660376613416443,0.07433121665371833
0.3558301477050284,0.39349253674175244,0,0,0,0,0,0,0,0.25067731555321915
0.26273665108035454,0.2889058287641451,0,0,0,0,0,0,0.26442101451436645,0.18393650564113392
0.2710398873230031,0.3006698106744513,0,0,0,0,0,0.23676663358621536,0,0.19152366841633017
0.2133787913761079,0.23555505721041156,0,0,0,0,0,0.1857686217453609,0.21533439694410944,0.14996313272401016
0.22705431738094156,0.24687887299497663,0,0,0,0,0.36947539000141066,0,0,0.15659141962267112
0.18553421896876687,0.2015336171952637,0,0,0,0,0.30142590935182856,0,0.1836447789578496,0.12786147552629124
0.1882853567909496,0.20608137284984884,0,0,0,0,0.310662167639256,0.1642340760499665,0,0.13073702666997908
0.15883072832665837,0.17352613732637376,0,0,0,0,0.2611744500765162,0.1382766092032054,0.15808564498533387,0.1101064300819124
0.26397347156493883,0.2898706797226033,0,0,0,0.2625961778343482,0,0,0,0.18355967087810982
0.20901914554953202,0.22876092627751368,0,0,0,0.20779273732899564,0,0,0.2094779690094637,0.14494922183449505
0.21376484854765415,0.23569743839825427,0,0,0,0.2144722658357025,0,0.1866858648035814,0,0.14937958241480773
0.17625240863944974,0.1937066704308335,0,0,0,0.17653754752362763,0,0.15350087823644473,0.17719284119151188,0.1228096539781326
0.18649826837437744,0.2023233853609788,0,0,0,0.18189059668136595,0.30140155534256197,0,0,0.12788619424071596
0.1574436690492379,0.17070371578710447,0,0,0,0.15390976007488338,0.25430702910034336,0,0.1556618439558694,0.10797398203256146
0.15933864229052383,0.17389106951393163,0,0,0,0.15700671716160114,0.26080787907280295,0.1389798486972271,0,0.10997584326391341
0.13767204593351223,0.1500553491599576,0,0,0,0.13576242108471112,0.2248780101870777,0.11988045663430272,0.13679800148861465,0.09495371551182401
0.2621551876821146,0.2878309577668722,0,0,0.2667934745992217,0,0,0,0,0.18322037995179147
0.20830027708800924,0.228128384375694,0,0,0.21133196992988912,0,0,0,0.20706466404669707,0.14517470455971057
0.2129239079596479,0.2347414086436072,0,0,0.2182103383334914,0,0,0.18466143373386731,0,0.14946291132938616
0.17589536923259497,0.19340075774607077,0,0,0.17959740160723178,0,0,0.15240683330784816,0.17560359926328126,0.12309603884297307
0.1843062641939228,0.2001238212340924,0,0,0.1879198306344642,0,0.3007134902666879,0,0,0.12693659367083274
0.1561305233433126,0.16946265016595974,0,0,0.15879680909832478,0,0.25443859130312013,0,0.15365205025392936,0.10751937583535343
0.15800097133272045,0.172525547217293,0,0,0.16206719824715832,0,0.26069336605142523,0.13724272837346144,0,0.10947018877794151
0.13682304280644825,0.14924127069779947,0,0,0.13992102555271332,0,0.22518893436232626,0.11874479121522982,0.13536735955295756,0.09471357581252528
0.2079156303553709,0.22721845476718686,0,0,0.21339117146866304,0.20757530263914506,0,0,0,0.14389944076963415
0.1725652096129713,0.18831338743428533,0,0,0.1763795817665878,0.17219254767212844,0,0,0.17121542684444727,0.11933384666957982
0.17547413107646243,0.19260412116019154,0,0,0.18102568801323643,0.17645988643037397,0,0.1523476213225253,0,0.1220885519972103
0.14957971383892518,0.16388847979173835,0,0,0.15364722077233478,0.15020428987832382,0,0.12973485002331334,0.14902310828404253,0.10392233741132197
0.15633692277362662,0.16941563438518473,0,0,0.16029013081856255,0.15345838816976237,0.2533798837812627,0,0,0.10711904007160103
0.13553345719332685,0.14685235321506465,0,0,0.1385559170767467,0.13323896759154025,0.21959446022103027,0,0.13331193057999297,0.0929129141222983
0.13687926452107105,0.14910150399829158,0,0,0.14102955109948445,0.13548471615810578,0.2242118780996903,0.11895807400254713,0,0.09433501212080969
0.12067027239607342,0.1313518464220253,0,0,0.1239259053535158,0.11948805493116327,0.19736691198676176,0.10478184967765468,0.11926899654754919,0.0831461626852566
0.25287008605820765,0.27620041956985886,0,0.29638700768716963,0,0,0,0,0,0.17454248668476388
0.2024568290449,0.22076271855522553,0,0.23648558911612697,0,0,0,0,0.20063709832029625,0.1396577649634512
0.20663017809315096,0.22681519100779557,0,0.24406974884606197,0,0,0,0.1789546242803941,0,0.14353025777259737
0.1716389303260813,0.1880126764378547,0,0.20190402327396412,0,0,0,0.1485058920827219,0.1708883317624838,0.11905014611689414
0.18099732356182963,0.1957873125557351,0,0.2086455664755245,0,0,0.2910109308989042,0,0,0.12355886650800657
0.15366619720011315,0.16623285368637497,0,0.17709530944481874,0,0,0.247225978327507,0,0.15077042330133325,0.10500923803985288
0.15542122862261942,0.169140659625947,0,0.18074537873623833,0,0,0.2531203697308625,0.1347340540858257,0,0.10683830919850713
0.13483959329347486,0.14663890920189743,0,0.1565957400953229,0,0,0.21937578907569424,0.11681247066424308,0.13304404834653494,0.09269344932283254
0.20345231017039778,0.2214665795792827,0,0.23650376332207584,0,0.1991047147485125,0,0,0,0.13947263217973122
0.1693736626460126,0.18419106000773794,0,0.1965420731264576,0,0.1661372944429455,0,0,0.1675911028477392,0.11616480692910702
0.17210760240943526,0.18825604154871933,0,0.2016515763439916,0,0.17006140354879096,0,0.14917804253676362,0,0.11874533361229915
0.1470751611166535,0.16064741042683506,0,0.17187436169602258,0,0.14544224728351843,0,0.12736206138953624,0.1461669782625613,0.10143177982487284
0.15441682751746502,0.16681753584483897,0,0.17728069407888258,0,0.14925736411268026,0.2471951619186128,0,0,0.10503241652752038
0.13399431053298533,0.14477997742506288,0,0.15386531417010427,0,0.12993793802760942,0.21471651485008908,0,0.13144579970980388,0.09126014528434515
0.13528824416721094,0.1469547072630945,0,0.1566012310213122,0,0.1320503693996245,0.21914044064924182,0.11734442213490615,0,0.09262058536460983
0.11937288456747303,0.12960813137574398,0,0.13807227598131286,0,0.1167311203359363,0.19328416390072492,0.1034710581469571,0.11769928892858794,0.08176107676326394
0.20241571355432592,0.22048244140967266,0,0.23457221468932887,0.2031362138139679,0,0,0,0,0.13939341653270468
0.16879592556806858,0.18373424847870007,0,0.19558687157649093,0.16945213118440217,0,0,0,0.16616055190603696,0.11627027128630137
0.17150022861560069,0.18767844003193615,0,0.20046908733286373,0.17353904487291016,0,0,0.1480064090452324,0,0.11880679010145691
0.14672009670639713,0.16037060248428878,0,0.1712571425375434,0.14832528577232013,0,0,0.12661660778248499,0.14513325634884097,0.1015770083681247
0.15302897620431472,0.16548764310370787,0,0.17549555696828173,0.1543668427123717,0,0.2471283656240263,0,0,0.10449261538729784
0.13307216287299062,0.14393896147870774,0,0.15274966865190648,0.13417984451887163,0,0.21497199699106173,0,0.13012267189246457,0.09096469359399734
0.1343592412180953,0.14605247739759905,0,0.15538031309782002,0.13641913620874793,0,0.21927908522638082,0.11620646425239312,0,0.09230328259896381
0.11873127704659955,0.12901647603468158,0,0.13728043244376162,0.12040740660565467,0,0.19360444055114395,0.10266772821366979,0.11670302059070867,0.08158921851378025
0.16895592235492135,0.1835417590688961,0,0.19464467862249393,0.17093143629422064,0.16625284366095816,0,0,0,0.1156733599985099
0.14483905228409188,0.15729695548721415,0,0.16695840869445405,0.1464081739109277,0.14275981005695076,0,0,0.14247932300706068,0.0992582765593008
0.14671135376610792,0.16009636272656852,0,0.17043846729864562,0.14940583076272101,0.1455342063861642,0,0.1267694978272233,0,0.10104428123256948
0.1281815750600647,0.13976931488056304,0,0.14882055585771142,0.1303186126437263,0.12721561612193777,0,0.11073743089716363,0.1266644194297477,0.08829247510908544
0.13336726514592093,0.14404044687388717,0,0.15242675838824588,0.1352822706228839,0.12975497627134136,0.21437867925845805,0,0,0.09074960343926271
0.11791017681658988,0.12738717463373708,0,0.13491512864542632,0.11948535289354568,0.11499120527259911,0.18967242378825627,0,0.11529972293314836,0.08033881501669729
0.11888669564696511,0.1290176800892693,0,0.13695053977242444,0.12125779812065277,0.1166126028489948,0.19300937459730944,0.10289999154402488,0,0.08136531738035924
0.10645945213521493,0.11550925926401397,0,0.12265602253865024,0.10841424685954995,0.1045626219249341,0.17277763140608676,0.09211836973358234,0.1045981901118195,0.07290420602614815
0.2680879811346284,0.29503879262740074,0.24909125050942738,0,0,0,0,0,0,0.1877819757285436
0.2118419612138472,0.23233716507087568,0.1957238932611769,0,0,0,0,0,0.21226467179845,0.14783230865565022
0.2167072036881078,0.23942449459032772,0.20226268199554825,0,0,0,0,0.18920672297349078,0,0.1523988967525255
0.17836267716648435,0.19639586633517406,0.16560168324219335,0,0,0,0,0.15535431610726416,0.17931440850139502,0.12497104864748916
0.18787238439948178,0.2041755747270697,0.17224971716742407,0,0,0,0.3061811163492629,0,0,0.12952120735676156
0.15856179109726354,0.17220118990410338,0.14508227555690492,0,0,0,0.2580497225354445,0,0.1568430908752712,0.10926193003101255
0.16046671279587083,0.17541186577703238,0.14811260329358433,0,0,0,0.26466447490000755,0.140049991841181,0,0.11129435139232403
0.1385985539026938,0.1512975230828661,0.12758729161405755,0,0,0,0.22795472427441255,0.12076359602409509,0.1377872284205301,0.09601108268134495
0.2123512913414471,0.23256134291766026,0.19647938223026615,0,0,0.2112962232833508,0,0,0,0.14731176022727577
0.17542183224712118,0.19169803532078095,0.16164313041533018,0,0,0.17448264584635284,0,0,0.17526482249027062,0.12148953368014434
0.17849649098969247,0.19630287968285587,0.16594111088660635,0,0,0.17897525039712608,0,0.15585329585792662,0,0.12443097218579263
0.15165553358930178,0.16639123663179195,0.1404146470704515,0,0,0.1518644842458327,0,0.13213828077780443,0.1520317583458997,0.10550405933891788
0.1591210657362463,0.17259674730382774,0.14569766866603254,0,0,0.15569435204061108,0.2577345008303368,0,0,0.10915566542294557
0.13752055126562385,0.14910498627814114,0.12571134759724634,0,0,0.13479135077156174,0.22261670099452488,0,0.1359033028023327,0.0943517602905693
0.13890064411222255,0.1514670827874066,0.127958273595967,0,0,0.13711427676395588,0.2274986291862042,0.12122341398358022,0,0.09583767957066353
0.12217456368965979,0.13309633009398814,0.11230359578140149,0,0,0.12066883540298796,0.19974371726451282,0.1064673825922686,0.12129311332865492,0.08425246184652631
0.21179235693161258,0.2320144866991281,0.19393245261229541,0,0.21468325421204004,0,0,0,0,0.14757744954492388
0.1752084007224453,0.19160253832144167,0.16017052850880076,0,0.17725972458335704,0,0,0,0.17389607599692244,0.12186273186703289
0.17827217439046802,0.1960835895849314,0.16423134639068812,0,0.18190571600464417,0,0,0.15474416352213619,0,0.12476301010713224
0.15158539402875895,0.16639547084426662,0.13934185327582654,0,0.15427792055015724,0,0,0.1314745894854477,0.15107065639249617,0.10585411542304682
0.15792143564043223,0.17144085996246367,0.14357499601498416,0,0.16046335690810543,0,0.2578550153094316,0,0,0.10874433616458293
0.1367561391982889,0.14841924975740278,0.12428542036939974,0,0.1387195451722825,0,0.22306095928469338,0,0.134591535031245,0.09416715118668778
0.13814343291355305,0.15072417385440542,0.12642192830166515,0,0.14116480628667397,0,0.22781375484899857,0.12009660232702991,0,0.09563530146767404
0.12167060408022111,0.13263849301206432,0.11122384215571529,0,0.12405438585983489,0,0.20022539295749922,0.10568995626398475,0.1203220965561125,0.084175229114568
0.1749396938015051,0.19094958962654385,0.15990843271878977,0,0.17866164883773702,0.17458873425233992,0,0,0,0.12095190076308443
0.14922028076842117,0.16270411254356573,0.13623373101582667,0,0.15196957202670858,0.14887031959353103,0,0,0.14788670057607486,0.10311528347587207
0.15128482403903767,0.16580789777296867,0.1390822777315801,0,0.15530378193834815,0.15197753175849224,0,0.13143693685527916,0,0.10510674990429404
0.1316472554954576,0.14408416596668,0.12081912406351336,0,0.13472211161194822,0.13210304819140106,0,0.1142759987435893,0.13098256012966675,0.09136573579774372
0.13687559093679005,0.14833450905123863,0.12438133392336337,0,0.13980611036875562,0.13460590476581183,0.22217049346502837,0,0,0.09382605748901218
0.12065697982441642,0.13074524292344392,0.10960985118150014,0,0.12297730764569806,0.11879839259960281,0.19577346994287387,0,0.11869279167824963,0.08274596420421512
0.12169364307003022,0.13249952416781666,0.11125090624721279,0,0.1248900306992219,0.12056198997254709,0.19940728938603056,0.10584061306738018,0,0.08385600338976065
0.1087103199244445,0.1182950259557077,0.0992909156433294,0,0.11128849519560627,0.10773217654963284,0.17789685618838097,0.09447268599708453,0.10741507065960564,0.07489845388620822
0.20549313750763532,0.22416646321856734,0.1881446797984406,0.2404431385063156,0,0,0,0,0,0.14175258096904114
0.17092364797902668,0.1862355032337004,0.15623122943488382,0.19951531208611764,0,0,0,0,0.16922914462628233,0.11786516263998918
0.1737096078011014,0.19037258063208026,0.1600432659405415,0.20471622308486745,0,0,0,0.15064612525226245,0,0.12051219728914692
0.14832065330559097,0.1622900936455115,0.136343097756832,0.17425100574653823,0,0,0,0.12851444652078392,0.1474917612753648,0.10278894174937857
0.1552290522813546,0.16797527210800528,0.14113831452705114,0.17918815131504662,0,0,0.2503812937108082,0,0,0.10608791605773411
0.13469562281520744,0.14576151871500642,0.12241638819726577,0.1554410170504489,0,0,0.21731401661100688,0,0.13224153460140312,0.09212990200966147
0.1359937797853177,0.14794991415391545,0.1244746433713603,0.15820177422733572,0,0,0.22181014659995277,0.11806104507527733,0,0.09350869678684072
0.11998142060245152,0.1304548988803901,0.10969074159648748,0.13940957216264716,0,0,0.19548967263228878,0.10408360943489504,0.1183888893696444,0.08250119532119553
0.17147999817841697,0.18654864287874606,0.15677182804036832,0.1992921032320587,0,0.16829934431317148,0,0,0,0.11760808335723849
0.14664951347472635,0.1594235215783289,0.13389691824793706,0.170214984933089,0,0.14417527538577282,0,0,0.14501849236063508,0.1006212940195108
0.14858760454703498,0.16236670238451725,0.13663577458774173,0.1739259059899199,0,0.1470485951042526,0,0.12894435837350157,0,0.10249105901303203
0.129579192759437,0.14143842497351197,0.11893904523549804,0.15136665638108415,0,0.12830768118897554,0,0.11235162806263987,0.12866408010622066,0.08935329129263281
0.13518269328095187,0.14610470396728498,0.12287040165778797,0.15545810713487307,0,0.13118144527751818,0.21712607094351455,0,0,0.09207657773806946
0.11928900008908742,0.1289445809116956,0.10838367509633696,0.13719326125812625,0,0.11604996505401403,0.1917125202000689,0,0.11708976348746952,0.08133723390320137
0.12027988920577183,0.13063650979438327,0.10998610159057898,0.13933165803526787,0,0.1177114614912889,0.19519772391343843,0.1044589891112317,0,0.08239766685803909
0.10754846720123057,0.11676487578197606,0.09824776193319905,0.12449662952602769,0,0.1054026189720252,0.17444830736320466,0.09333613356378052,0.10605183639607557,0.07370336926248076
0.17105613632409655,0.1862135766184424,0.15519380358091783,0.19829593037341992,0.17146119608817972,0,0,0,0,0.11777935701494362
0.14640378423839176,0.15929201962999245,0.13284569374597283,0.1696979823289076,0.1468099108714372,0,0,0,0.1441208264996076,0.10082978268569058
0.14834853766663667,0.16218340862195457,0.1354706985736325,0.17329042132897432,0.1497978334670009,0,0,0.12822123031315458,0,0.10268787002864652
0.12943884870405575,0.1413757613115667,0.11812588390295198,0.15102701861164847,0.13062512261424092,0,0,0.1118618355580823,0.12798800461667664,0.0895575246807773
0.13435792472819558,0.14534589703534972,0.12142494880014683,0.15433534873540672,0.1352998363304841,0,0.21741074185023693,0,0,0.09182530252018016
0.1187161855270012,0.12844778731483103,0.10734041951657203,0.13646185672848635,0.11952538320533182,0,0.19212455113350507,0,0.11617585041450179,0.0812079661597708
0.1197149161007964,0.13010971992525178,0.10887964262389228,0.13853897758042633,0.12127730613330992,0,0.19554341136856673,0.10367477635693534,0,0.08226124991082125
0.10714388977349154,0.11641070087107211,0.09742398384388581,0.12396550651659269,0.10844932400955579,0,0.17486156477939266,0.09276070635132094,0.10534369429120115,0.07364062956348741
0.14648696197344196,0.15910394798342345,0.13284351433999594,0.16894452681491426,0.14787995387611272,0.14438776979691237,0,0,0,0.10035332521519932
0.1280073306702783,0.13900001728231842,0.1161030288805861,0.1476946257463434,0.12915817312997563,0.1263368767331789,0,0,0.12593687698301978,0.0877630705742995
0.1294156045779467,0.14114145702953296,0.11806774339210777,0.15036562230154493,0.13143793430713,0.12847303832692836,0,0.11196918099230749,0,0.08912941907250185
0.1147816095432414,0.12510255425624092,0.10466332616860494,0.13329237437455346,0.11643483408076258,0.11398794998158716,0,0.09928304816444745,0.11339460232370391,0.0790597011068582
0.11891454531766547,0.12848677301022837,0.10747722332782769,0.13615979787893878,0.12036377249912988,0.1159991503682809,0.19158962354006753,0,0,0.08100911405786144
0.10646928122608235,0.11506946662216977,0.09626877682996407,0.12201854884115058,0.10769297372086026,0.10406017544299834,0.17162097704782842,0,0.10418834079507117,0.07261145947387512
0.10724801737399212,0.11638519634334295,0.09749703283861184,0.12366729092287895,0.1091136455929661,0.10537739021769135,0.17433755234384657,0.09293315754287516,0,0.07344071682379502
0.09703025343072605,0.1052793238820798,0.08819204474823614,0.11189632140076697,0.09860135871829846,0.09544132330108715,0.15766686070310193,0.0840510500874876,0.09536338346730525,0.06647808026091069
