0,0.28166140210044915,0,0,0,0.12978410171426813,0.1472771418178112,0.15841530539639312,0.1297060032201896,0.15315604575088873
0.2374078253847777,0,0.10843755927522672,0.08760512943003226,0.2075651847639325,0.14507805240325444,0,0.09586451215455864,0,0.11804173658821773
0.19726479881245004,0.17950439582399538,0,0.07433428313568846,0,0.09271984815866684,0.16818242827144286,0.14319702055803393,0,0.14479722523972247
0,0,0,0,0,0.19309954443412525,0.17047086240924753,0.1792940884826539,0.1297060032201896,0.3274295014537837
0,0.1621914013840619,0.05358607471519577,0,0.20174506312877408,0.1314694490263968,0.15267303149898176,0,0.15062778670688343,0.14770719353970624
0,0.232911238170176,0,0.215355183410504,0,0,0.19751556769827625,0,0.17999075181344854,0.17422725890759513
0,0.4887616807044108,0.2581260346586831,0,0,0,0,0,0,0.25311228463690616
0,0,0.128804790092567,0.14538482050875387,0.21853964180519098,0,0.18511496075949233,0.08123376069330739,0.1220461102379143,0.11887591590277408
0,0.3528869382089197,0,0,0,0.2412032041311615,0,0,0.21599999879264975,0.1899098588672691
0.19726479881245004,0.17950439582399538,0,0.1270884370180483,0,0.1455496797169342,0.18084421799203032,0,0,0.16974847063654175
0,0.2103710384050147,0.07539794774638636,0.18448937177702612,0.26640674434915473,0,0,0.12790342985276135,0,0.13543146786965668
0,0.20556210671526912,0.07677979530663206,0,0,0.1291036017928161,0.1472771418178112,0.15841530539639312,0.1297060032201896,0.15315604575088873
0,0,0.26571650250095274,0.24629204736285204,0.2778473002111309,0,0,0,0,0.21014414992506433
0.26474331123478806,0.10311032310725596,0.0811932576851053,0,0.25896545410480293,0,0.14875924859939493,0,0,0.14322840526865285
0,0,0.13159883787254292,0.19766732208727597,0.20126979634014572,0.20359077216252766,0,0,0.1220461102379143,0.1438271612995934
0.2348446138375824,0,0.052905574793743734,0.08582847544331956,0.2075651847639325,0.10368023593351149,0.13987812175850828,0.06090066583768132,0,0.11439712763172069
0,0.1715759921626916,0,0,0.24526604714388814,0.13214994894784882,0.15267303149898176,0,0.15062778670688343,0.14770719353970624
0.26589773565805935,0,0,0.042752547443671726,0.23335022449328366,0,0.15872588575465388,0.0754000666335779,0.1220461102379143,0.10182742977883921
0.20409371708422933,0,0,0.10006118591186741,0,0.14814746948055788,0,0.18754545765354097,0.15580819305652227,0.20434397681328217
0,0,0.14219964209383465,0.14972468604266184,0,0.20000369107033564,0,0.19337915171327047,0.1220461102379143,0.1926467188419831
0,0.0694189858862378,0,0.17696655620077062,0.25108616877904655,0.15190265290139318,0.1430610718008558,0.07611895067604049,0,0.13144561375565555
0,0,0.17893680158308584,0,0,0.21948078569357063,0.17950053808469402,0.21298542570367207,0,0.20909644893497745
0.20153050553703403,0,0.07677979530663206,0,0,0.14521056071238195,0.15946366474977036,0,0.2010917710315701,0.2159237026626115
0,0.14016925520607995,0,0.19411612353860191,0.24479078035525978,0.15505056936255066,0,0,0.1220461102379143,0.1438271612995934
0.26846094720525465,0,0.1646920150464773,0.04452920143038443,0,0,0,0.1832756768921782,0.16344392670765726,0.1755982327180482
0,0,0,0,0.48551955377793415,0,0.3401318847533208,0,0,0.17434856146874506
0.20409371708422933,0,0,0.04452920143038443,0.28888220897476663,0.1333722295606778,0,0.10524910293318833,0.1220461102379143,0.10182742977883921
0.2992118439586077,0,0,0.08582847544331956,0.25108616877904655,0,0.1623704947111509,0.08710588947615454,0,0.11439712763172069
0,0.21559824373024256,0.0760784476678384,0,0.23805283858601978,0,0.13657475795951532,0.08123376069330739,0.1297060032201896,0.12275594814288696
0,0.34565911358679086,0,0,0,0.256283284768979,0.20738061264364066,0,0,0.1906769890005895
0,0,0.128804790092567,0.16630660399544772,0.22998019766716712,0,0.20155447945646285,0,0.12952676748876188,0.1438271612995934
0,0.06003439510760811,0.052905574793743734,0.17696655620077062,0.2075651847639325,0.15190265290139318,0.1430610718008558,0.07611895067604049,0,0.13144561375565555
0.36552323463158076,0,0,0,0,0,0,0.20415445997843898,0.20732305641670523,0.22299924897327517
0.23895867439747806,0.2989265697278639,0,0,0,0,0,0.1832756768921782,0.14273151935552597,0.13610755962695387
0,0.06003439510760811,0.052905574793743734,0.15481241168781662,0.20126979634014572,0.11243151903419635,0.15267303149898176,0,0.1220461102379143,0.1438271612995934
0.16651390205909697,0.11556637958909108,0.05536272870190846,0,0.18982924047816957,0.14144977177803358,0,0.09586451215455864,0.1297060032201896,0.10570746201895209
0,0.37400520756182304,0.1345686396120479,0,0.32594217346092885,0,0,0,0,0.16548397936520018
0,0,0.07609929538518004,0.18846074850840172,0,0.2004428557013702,0.1713653783137904,0.15841530539639312,0,0.20521641669486457
0,0.22558932324337388,0.11537985920354613,0.21957957021686175,0.2778473002111309,0,0,0,0,0.16160394712508733
0,0,0,0,0,0,0.37087993154372045,0,0.2410852985995357,0.3880347698567438
0.2340891593584194,0.18884115979010635,0,0,0.2638287103474602,0,0,0,0.18136102922963132,0.1318799412743827
0,0.0694189858862378,0,0.15481241168781662,0.24479078035525978,0.11243151903419635,0.15267303149898176,0,0.1220461102379143,0.1438271612995934
0.16651390205909697,0.15893708492029832,0.12126949207164406,0.09759173072467424,0,0.12599892287802517,0,0,0.17251009456260097,0.15717877278366027
0.22219894030637807,0.29903409179182006,0,0,0,0.2819812577961746,0,0,0,0.19678571010562726
0.2374078253847777,0,0,0.27605775279133654,0,0.2232889485186429,0,0,0,0.26324547330524295
0,0.17950439582399538,0,0.13389062820112277,0,0.11006567180061567,0.1468018750291829,0.15841530539639312,0.1220461102379143,0.14927601351077585
0,0.28166140210044915,0,0,0,0.17162108281504565,0.17950053808469402,0.20149123339604097,0,0.1657257436037702
0,0,0,0,0.5151620286578938,0,0,0.14803677787129016,0.17612418514529254,0.1606770083255234
0,0.3596232932511,0,0,0.29301437846310996,0,0,0,0.1862900880104073,0.16107224027538278
0.20153050553703403,0,0.07609929538518004,0.042752547443671726,0,0.09197441309093483,0.1468018750291829,0.14319702055803393,0.1220461102379143,0.1755982327180482
