0,0,0,0,0,0,0,0,1
0,0,0,0,0,0,0,0.673292224459443,0.3267077755405569
0,0,0,0,0,0,0.6975704315611656,0,0.30242956843883434
0,0,0,0,0,0,0.42973459123807084,0.3839552655975929,0.18631014316433633
0,0,0,0,0,0.6582826209129695,0,0,0.34171737908703054
0,0,0,0,0,0.38626517821537026,0,0.41322288338759317,0.20051193839703652
0,0,0,0,0,0.36812791013625634,0.44077528641770736,0,0.19109680344603638
0,0,0,0,0,0.2641144208752138,0.316235488543181,0.2825471429822958,0.13710294759930947
0,0,0,0,0.6472421473808218,0,0,0,0.3527578526191782
0,0,0,0,0.3747832511681017,0,0,0.4209535755903297,0.2042631732415686
0,0,0,0,0.35687162626989727,0,0.4486273372121383,0,0.19450103651796433
0,0,0,0,0.2547562912997284,0,0.32025700053105505,0.2861402461089479,0.13884646206026854
0,0,0,0,0.3853661920435283,0.4046027540033049,0,0,0.21003105395316674
0,0,0,0,0.26895265666442264,0.2823781323573898,0,0.3020854911059671,0.1465837198722205
0,0,0,0,0.259602321014869,0.27256105023453103,0.32634899901767683,0,0.1414876297329231
0,0,0,0,0.20099541964928408,0.21102863201597252,0.25267360381544796,0.22575646140786293,0.10954588311143244
0,0,0,0.6541864076962451,0,0,0,0,0.3458135923037549
0,0,0,0.38196958136885584,0,0,0,0.41611507534376385,0.20191534328738026
0,0,0,0.3639144159016843,0,0,0.44371449540929825,0,0.1923710886890175
0,0,0,0.2606004398815593,0,0,0.3177455677291075,0.2838963544880193,0.137757637901314
0,0,0,0.39262801259433794,0,0.3998224237385184,0,0,0.20754956366714378
0,0,0,0.27500229778253815,0,0.28004136665276186,0,0.29958564095967927,0.14537069460502072
0,0,0,0.26551803070379737,0,0.27038331238977303,0.3237415003851754,0,0.14035715652125413
0,0,0,0.20594710156890148,0,0.20972082141341453,0.2511077062644873,0.22435737782851795,0.10886699292467869
0,0,0,0.4002362166714285,0.38819239904283054,0,0,0,0.21157138428574093
0,0,0,0.2787131899228425,0.27032621570538623,0,0,0.3036282617281225,0.1473323326436488
0,0,0,0.26897576531515804,0.2608818074746866,0,0.32795745584420194,0,0.14218497136595337
0,0,0,0.20802128878807702,0.2017615592566881,0,0.2536367265371811,0.22661698333922703,0.10996344207882663
0,0,0,0.2843455073056046,0.2757890466684822,0.28955577865899046,0,0,0.15030966736692272
0,0,0,0.217096738097478,0.21056391219992557,0.22107476091254255,0,0.23650371636028697,0.11476087242976697
0,0,0,0.21114281741297522,0.20478915554884194,0.2150117421709727,0.25744275190518023,0,0.11161353296202987
0,0,0,0.17165837712756882,0.16649287210221334,0.17480379951665978,0.20930006304151388,0.18700347361652656,0.0907414145955176
0,0,0.509022732832631,0,0,0,0,0,0.490977267167369
0,0,0.25301538146001684,0,0,0,0,0.5029389354537738,0.24404568308620936
0,0,0.23870144548983144,0,0,0,0.5310593612165498,0,0.23023919329361867
0,0,0.16188790462974834,0,0,0,0.36016575871561807,0.3217975521784401,0.1561487844761935
0,0,0.26159858076621245,0,0,0.486076821539074,0,0,0.2523245976947135
0,0,0.17210427871852071,0,0,0.3197872883245331,0,0.3421054570921841,0.1660029758647621
0,0,0.16535934765645088,0,0,0.3072545190619924,0.3678889725925899,0,0.15949716068896677
0,0,0.12445216706965712,0,0,0.23124480884294593,0.2768792966896504,0.24738353873880878,0.12004018865893774
0,0,0.2677871939462084,0,0.47391898892999323,0,0,0,0.25829381712379834
0,0,0.17476136244368426,0,0.30928561957289075,0,0,0.3473871551946233,0.16856586278880176
0,0,0.16781076192471592,0,0.2969847267562334,0,0.37334284193431294,0,0.16186166938473776
0,0,0.12583565162649302,0,0.2226988673780784,0,0.27995725218128364,0.2501336017832634,0.12137462703088152
0,0,0.1788137714780464,0,0.31645740984409193,0.33225420960956975,0,0,0.17247460906829196
0,0,0.13192280576874835,0,0.23347166757829316,0.24512601684906396,0,0.26223352553723767,0.12724598426665695
0,0,0.1279231186856024,0,0.22639318249262608,0.2376941906563067,0.284601417283411,0,0.12338809088205381
0,0,0.1019890374892615,0,0.18049609025950342,0.18950602495398794,0.22690366616336743,0.2027317772018934,0.0983734039319863
0,0,0.2639068350825436,0.4815421432871105,0,0,0,0,0.2545510216303458
0,0,0.17310034268550192,0.3158505159384692,0,0,0,0.3440854132051549,0.166963728170874
0,0,0.16627865959411564,0.30340321461857667,0,0,0.3699342438701607,0,0.16038388191714692
0,0,0.12497217915920684,0.22803263501971288,0,0,0.2780362117118215,0.2484172084122968,0.12054176569696183
0,0,0.17707520950346753,0.3231033250072654,0,0.32902378429083606,0,0,0.170797681198431
0,0,0.13097408870083432,0.23898412243983475,0,0.24336320385688018,0,0.26034768464712993,0.12633090035532085
0,0,0.12703086215897363,0.23178904634474118,0,0.23603628710350108,0.2826163384746069,0,0.12252746591817723
0,0,0.10142108345606872,0.18505972339314644,0,0.18845070848236933,0.22564009063097476,0.20160280948778708,0.09782558454965361
0,0,0.17988925514985615,0.3282380217704087,0.31836075752417997,0,0,0,0.173511965555555
0,0,0.1325072690300745,0.24178166628350609,0.2345060271150306,0,0,0.26339530996618027,0.1278097276052084
0,0,0.12847260541055294,0.23441974795282222,0.2273656419641993,0,0.2858239070280809,0,0.12391809764434446
0,0,0.10233800748217249,0.18673280457963165,0.1811136832958624,0,0.22768004931906538,0.20342545280266985,0.09871000252059824
0,0,0.13482399021125455,0.24600891141201955,0.23860606694007952,0.2505167131914585,0,0,0.1300443182451878
0,0,0.10632803091069999,0.1940132694184372,0.18817506603485393,0.1975683169006581,0,0.21135674189663492,0.10255857483871579
0,0,0.10371440193667834,0.1892442663817632,0.1835495707579764,0.19271192792234695,0.2307422308584018,0,0.10003760214283319
0,0,0.08598716558217784,0.15689795982993263,0.15217662194050793,0.15977291626322693,0.19130294386440294,0.17092357496621985,0.08293881755353177
0,0.6457987691300631,0,0,0,0,0,0,0.354201230869937
0,0.37330448310334774,0,0,0,0,0,0.4219492186301075,0.20474629826654478
0,0.3554233550971536,0,0,0,0,0.4496376083591268,0,0.19493903654371963
0,0.2535590445166853,0,0,0,0,0.32077149888797724,0.2865999353155171,0.13906952127982036
0,0.383871305102595,0,0,0,0.40558681209675107,0,0,0.2105418828006539
0,0.26771265957562135,0,0,0,0.2828571000538821,0,0.30259788627839374,0.1468323540921027
0,0.25839019622262493,0,0,0,0.2730072672011242,0.3268832736701522,0,0.14171926290609863
0,0.19998302774860996,0,0,0,0.21129601931651787,0.2529937580627548,0.22604250984697685,0.10968468502514055
0,0.3914191774445365,0,0,0.39389915844558504,0,0,0,0.21468166410987843
0,0.2713620030594416,0,0,0.2730813174179958,0,0,0.3067227701231038,0.14883390939945879
0,0.26178819237834866,0,0,0.26344684831757925,0,0.3311819975518608,0,0.14358296175221127
0,0.2020124294872366,0,0,0.20329235396711212,0,0.25556110579348146,0.22833635981840358,0.11079775093376629
0,0.2769027959143508,0,0,0.2786572160158087,0.2925671201851435,0,0,0.151872867884697
0,0.21089553544415318,0,0,0.2122317421280517,0.2228258449361581,0,0.2383770097092642,0.11566986778237279
0,0.20506713745532085,0,0,0.20636641616759258,0.2166677358811199,0.25942554397771256,0,0.11247316651825424
0,0.16647909433155317,0,0,0.16753388422128082,0.17589677647992685,0.21060873109076253,0.1881727301731857,0.091308783703291
0,0.38669344632548447,0,0.40121681116489566,0,0,0,0,0.21208974250961984
0,0.26908221681227307,0,0.2791883596592682,0,0,0,0.3041459084212578,0.14758351510720086
0,0.2596658037489968,0,0.2694182866007267,0,0,0.3284970143237622,0,0.14241889532651422
0,0.20074627794129005,0,0.2082858715454733,0,0,0.25395932767514706,0.22690521800344837,0.11010330483464123
0,0.27452936690847046,0,0.2848400928662833,0,0.29005942687377273,0,0,0.1505711133514735
0,0.20951596272060427,0,0.21738492661225137,0,0.22136823011691473,0,0.23681766697674275,0.11491321357348686
0,0.20376252810862516,0,0.21141540550916804,0,0.2152893250988487,0.2577751138130126,0,0.11175762747034539
0,0.1656182433584455,0,0.17183850438229667,0,0.17498722737523456,0.2095196890591944,0.18719970302805178,0.0908366327967771
0,0.27836825375039065,0,0.28882315994894,0.280131958802103,0,0,0,0.15267662749856642
0,0.2117445318886633,0,0.21969719599143406,0.21308611770361538,0,0,0.23933663758033266,0.11613551683595456
0,0.2058697665949044,0,0.2136017872900407,0.20717413066101611,0,0.26044093095649745,0,0.1129133844975414
0,0.16700768860217874,0,0.173280134167534,0.16806582759645713,0,0.21127744309358365,0.1887702047537443,0.09159870178650226
0,0.21510310196420063,0,0.22318190665458482,0.21646596724234202,0.22727143247778214,0,0,0.11797759166109048
0,0.17303307576349578,0,0.1795318217662493,0.17412939082717777,0.18282151505816585,0,0.1955807508889691,0.09490344569594222
0,0.16909002063256418,0,0.17544067406019753,0.1701613530117629,0.17865540225103937,0.21391175167382925,0,0.09274079837060688
0,0.14195838329476504,0,0.1472900314315361,0.14285781314848106,0.14998893474349254,0.17958816446864817,0.16045676283141921,0.07785991008165793
0,0.47234457901750887,0.26858860438246,0,0,0,0,0,0.2590668166000311
0,0.3079379977555908,0.17510233149185223,0,0,0,0,0.3480649266768104,0.1688947440757466
0,0.2956677594782212,0.16812512391764023,0,0,0,0.3740422297357172,0,0.16216488686842137
0,0.22160747739258038,0.12601233446437918,0,0,0,0.2803503334834652,0.2504848084090687,0.12154504625050654
0,0.31509279432743503,0.1791707529604954,0,0,0.33291751758252924,0,0,0.17281893512954039
0,0.2323432637489225,0.13211700889590539,0,0,0.2454868660497934,0,0.2626195586450691,0.12743330266030964
0,0.22528893504461883,0.12810571632325618,0,0,0.23803347567486957,0.2850076577425463,0,0.12356421521470899
0,0.17956374677012685,0.1021050696569677,0,0,0.1897216245459648,0.2271618127729792,0.20296242363361547,0.09848532262034601
0,0.32016040081852726,0.18205233859832168,0,0.3221888954786555,0,0,0,0.1755983651044957
0,0.2350870839658909,0.13367722335689236,0,0.23657656515491599,0,0,0.2657209218727129,0.12893820564958788
0,0.22786774605467414,0.1295721018412134,0,0.22931148645762725,0,0.28827005003709466,0,0.12497861560939073
0,0.18119818798913367,0.10303445956734061,0,0.1823462361419382,0,0.22922950537161815,0.20480984638494054,0.09938176454502888
0,0.23923421344814616,0.13603539950479943,0,0.24074997031020298,0.25276763510878886,0,0,0.13121278162806266
0,0.18831283123610884,0.10708004870982406,0,0.18950595684320912,0.19896564260658658,0,0.212851587898294,0.10328393270597741
0,0.1836520215415732,0.10442977933708895,0,0.18481561686462503,0.1940411720335879,0.23233379166571577,0,0.10072761855740929
0,0.1520822629590087,0.08647831387088344,0,0.15304583639758468,0.16068551983461912,0.19239564313954707,0.1718998697513279,0.08341255404702919
0,0.316991740698991,0.1802505480473666,0.32889726106660644,0,0,0,0,0.17386045018703603
0,0.2333741461110423,0.13270319801974412,0.24213917148259678,0,0,0,0.2637847737091367,0.1279987106774801
0,0.22625803854336657,0.1286567762227309,0.23475579839122543,0,0,0.2862336474620747,0,0.12409573938060234
0,0.1801788510567256,0.1024548355042457,0.1869459768384234,0,0,0.22793996653342105,0.20365768121785005,0.09882268884933425
0,0.2374605352497802,0.1350268354753072,0.2463790365100565,0,0.25089362036322593,0,0,0.13023997240163027
0,0.1872121185622958,0.10645415207838507,0.19424339857512218,0,0.19780266288272574,0,0.21160744304155224,0.10268022485991894
0,0.18260496917902336,0.10383439548964948,0.18946321468092447,0,0.19293488817183516,0.23100919069796286,0,0.10015334178060463
0,0.15136354260198273,0.08606962896962682,0.15704842806741678,0,0.15992614164062438,0.19148640716003795,0.17108749404520301,0.08301835751510825
0,0.24032729526393795,0.13665695701264685,0.24935346579554088,0.24184997775021547,0,0,0,0.13181230417765893
0,0.18898944955940186,0.10746479319346115,0.1960874822590313,0.19018686213219885,0,0,0.21361637531914388,0.10365503753676299
0,0.18429550403396722,0.10479568184185814,0.19121724234834137,0.18546317637840073,0,0.23314784601738303,0,0.10108054938004966
0,0.15252326534801455,0.08672908041178201,0.15825170747755357,0.15348963292037132,0,0.19295354474232454,0.17239833848630826,0.08365443061364586
0,0.19166039786376166,0.10898357060578562,0.198858745572761,0.19287473321763657,0.20250258026966175,0,0,0.1051199724703935
0,0.1575331463005695,0.08957784166139322,0.16344974866289075,0.15853125582706598,0.16644475832998948,0,0.17806104935382064,0.08640219986427049
0,0.15425818694782664,0.0877156063335482,0.16005178895944092,0.1552355467577992,0.1629845353178255,0.19514835267388794,0,0.08460598300967176
0,0.1313551843478578,0.07469230559558111,0.13628859939266905,0.13218743371207828,0.13878591539367593,0.16617431040680644,0.14847187726713718,0.07204437388419428
0.5731948833903996,0,0,0,0,0,0,0,0.42680511660960035
0.3049595504012202,0,0,0,0,0,0,0.46796533039965393,0.22707511919912596
0.28884327420665706,0,0,0,0,0,0.49608190411928776,0,0.21507482167405517
0.20013604515732342,0,0,0,0,0,0.3437292096803843,0.30711197722356093,0.1490227679387313
0.3145628314713909,0,0,0,0,0.4512113757701776,0,0,0.23422579275843153
0.21215516737543566,0,0,0,0,0.30431702467978594,0,0.3255555133991383,0.1579722945456402
0.20422780541726482,0,0,0,0,0.2929459549362846,0.35075671699045263,0,0.15206952265599796
0.155496595364959,0,0,0,0,0.22304552764233018,0.26706194674114186,0.23861202421845248,0.11578390603311646
0.32145894133324415,0,0,0,0.4391803718975272,0,0,0,0.2393606867692286
0.21526980836322332,0,0,0,0.29410373251139865,0,0,0.3303349800431858,0.16029147908219224
0.20711245014448668,0,0,0,0.28295906936609133,0,0.35571103020033557,0,0.15421745028908648
0.15716324040881025,0,0,0,0.21471796704453228,0,0.26992437256398844,0.24116951781909124,0.11702490216357782
0.22001111163737197,0,0,0,0.3005813477445707,0.31558565232349567,0,0,0.16382188829456168
0.1644806896139956,0,0,0,0.22471513822274217,0.23593238241533415,0,0.25239826120647507,0.12247352854145291
0.15967546910027075,0,0,0,0.2181501986273007,0.22903973667986982,0.2742390695091254,0,0.11889552608343318
0.12825085749178608,0,0,0,0.17521758472734203,0.18396402900460548,0.22026799746057693,0.19680300164799322,0.09549652966769627
0.3171377057327303,0,0,0.44671923123792145,0,0,0,0,0.23614306302934832
0.21332330133790425,0,0,0.3004865692605943,0,0,0,0.32734803373496146,0.1588420956665401
0.20531005100032051,0,0,0.28919912861315766,0,0,0.35261544972723374,0,0.15287537065928816
0.15612319343238062,0,0,0.2199146669973671,0,0,0.26813811499625445,0.23957354902153855,0.11625047555245929
0.21797832182604193,0,0,0.3070436173071301,0,0.31266980278357553,0,0,0.16230825808325253
0.1633418906808318,0,0,0.23008290252116528,0,0.23429888035485572,0,0.25065075594449643,0.12162557049865087
0.15860201996581638,0,0,0.22340633469682947,0,0.22749997287970672,0.2723954444773225,0,0.11809622798032499
0.12755743073445677,0,0,0.1796770184255642,0,0.18296937226239954,0.21907705241576667,0.19573892714639243,0.0949801990154204
0.22126761370658102,0,0,0.31167690408959137,0.30229799324759055,0,0,0,0.164757488956237
0.16518194828283708,0,0,0.23267480219926293,0.225673204723244,0,0,0.25347435390214007,0.12299569089251584
0.1603362701402437,0,0,0.22584919434640804,0.21905299151675017,0,0.2753739806094589,0,0.11938756338713905
0.1286768101220544,0,0,0.1812537729093486,0.17579952540628563,0,0.22099956163657686,0.19745663280365258,0.09581369712208195
0.1679593374222473,0,0,0.2365870242995625,0.22946770112173068,0.24092218192864354,0,0,0.12506375522781601
0.13354097924425382,0,0,0.18810542710120748,0.1824450011712464,0.19155222085409232,0,0.20492077848262896,0.09943559314657098
0.13035600587600746,0,0,0.18361908306561264,0.1780936591847745,0.18698367024512275,0.22388354302509303,0,0.09706403860338955
0.10862698274278464,0,0,0.15301164555767796,0.14840725375756955,0.15581539020319038,0.1865644287054396,0.16668985051514335,0.08088444851819444
0.39736434468603166,0,0.3067552481702996,0,0,0,0,0,0.29588040714366876
0.2468466466371105,0,0.19055938299900235,0,0,0,0,0.37879014577377157,0.18380382459011557
0.23617993783171157,0,0.1823249529337034,0,0,0,0.4056337942994767,0,0.17586131493510843
0.1733530091876714,0,0.1338241492110947,0,0,0,0.2977299406359049,0.2660129781590808,0.1290799228062482
0.2531011280843526,0,0.19538768486901845,0,0,0.36305022967187783,0,0,0.18846095737475108
0.18229858945293176,0,0.14072991146932015,0,0,0.26149051673799273,0,0.27974011482012845,0.13574086751962686
0.17641451935893088,0,0.13618755781813174,0,0,0.25305036076081155,0.30298801631521727,0,0.13135954574690853
0.1388313559886236,0,0.1071743039596539,0,0,0.1991407784659497,0.23843976848504983,0.21303894660643577,0.10337484649428723
0.25754663423661844,0,0.19881950345369387,0,0.3518627484302522,0,0,0,0.19177111387943543
0.18459352786080024,0,0.1425015460164446,0,0.25219349593931745,0,0,0.2832617346837204,0.13744969549971725
0.1785628278102663,0,0.13784599773844328,0,0.24395429413018108,0,0.3066776883358008,0,0.13295919198530856
0.14015837725340421,0,0.10819873089389906,0,0.19148575551019587,0,0.2407188980152329,0.215075282060772,0.104362956266496
0.1880689174074114,0,0.14518445905863395,0,0.25694160736916005,0.2697675201042428,0,0,0.1400374960605518
0.14594884360942445,0,0.1126688248210888,0,0.1993967476796773,0.20935015815135877,0,0.22396084572945535,0.10867458000899534
0.1421529269553588,0,0.10973847293918626,0,0.19421072895856056,0.20390526573422757,0.24414449280093067,0,0.10584811261173603
0.11669709516580692,0,0.09008721307550809,0,0.15943272083743407,0.16739122232543863,0.20042466743963044,0.17907356770463087,0.08689351345155093
0.2547654423634004,0,0.19667249350001442,0.35886184613594985,0,0,0,0,0.18970021800063527
0.18316040763096292,0,0.14139521335816602,0.2579992066887292,0,0,0,0.2810625886626304,0.13638258365951142
0.177221478268989,0,0.13681050973626044,0.2496336484123092,0,0,0.30437395030917014,0,0.13196041327327118
0.1393306253233158,0,0.1075597272889371,0.19626070538829288,0,0,0.23929725247148767,0.21380508342313906,0.10374660610482753
0.18658154315078576,0,0.1440362436605619,0.26281820803025996,0,0.2676340188845406,0,0,0.1389299862738518
0.14505150274444484,0,0.11197610031419407,0.2043191163478743,0,0.20806300542473702,0,0.22258386175302688,0.10800641341572284
0.1413015199971558,0,0.10908120824936149,0.19903690177753808,0,0.20268400096129133,0.2426822202721143,0,0.1052141487425391
0.11612269874983987,0,0.0896437935350173,0.16357008888283542,0,0.16656730363207728,0.19943815436074752,0.17819214717451545,0.08646581366496721
0.18898629488977467,0,0.14589265132860355,0.26620553419407006,0.2581949375213833,0,0,0,0.14072058206616847
0.14650071916167848,0,0.11309485882301859,0.20636047829286353,0.20015072549493057,0,0,0.22480770763232166,0.10908551059518715
0.14267641738034958,0,0.11014259433905593,0.20097357815170902,0.19492592673336412,0,0.24504357597166024,0,0.10623790742386106
0.11704965344558285,0,0.09035937917207272,0.16487579451666398,0.15991438943182862,0,0.20103017844979554,0.17961457405010656,0.0871560309339496
0.14868126897177203,0,0.11477818825880746,0.20943199428491627,0.20312981412306494,0.21326957037551503,0,0,0.11070916398592433
0.12106079011691621,0,0.09345587547707476,0.17052586972947506,0.16539444386037164,0.17365054035459515,0,0.18576972772609118,0.09014275273547598
0.11843746090173511,0,0.09143073151235617,0.1668306559812956,0.16181042564779832,0.169887616493746,0.2034137069127307,0,0.08818940255033807
0.10022258811633428,0,0.0773693093027442,0.14117324022560412,0.1369250870388293,0.14376006108443198,0.17213006771603867,0.15379317191300904,0.07462647460300836
0.3223502625638529,0.43762536633757426,0,0,0,0,0,0,0.24002437109857297
0.21566915669741518,0.29279422004108424,0,0,0,0,0,0.33094778647901896,0.16058883678248162
0.20748208040058935,0.28167937795863873,0,0,0,0,0.35634586195042967,0,0.15449267969034214
0.1573759907006234,0.21365493868476845,0,0,0,0,0.27028976646195785,0.24149598656050297,0.11718331759214717
0.22042826197993173,0.29925522049486186,0,0,0,0.3161840160242831,0,0,0.16413250150092326
0.16471372690596475,0.22361670967701294,0,0,0,0.23626665292219384,0,0.2527558606756123,0.1226470498192162
0.15989508006226033,0.21707487511030515,0,0,0,0.22935474835442154,0.27461624645564947,0,0.11905905001736347
0.12839249576758638,0.17430670770480744,0,0,0,0.18416719605071397,0.22051125805145677,0.19702034785815425,0.09560199456728113
0.22379247912534078,0.30382250934702204,0,0,0.3057474892516622,0,0,0,0.16663752227597503
0.16658499899783658,0.22615716405173358,0,0,0.22759006642959112,0,0,0.2556273577695329,0.12404041275130587
0.16165788085992053,0.21946806796431562,0,0,0.22085858909933448,0,0.2776438176486716,0,0.12037164442775777
0.12952664450080673,0.175846437348299,0,0,0.1769605775050818,0,0.2224591332951361,0.1987607173135969,0.0964464900370794
0.16941017413361031,0.22999264504041705,0,0,0.23144984852698347,0.24300327340880948,0,0,0.1261440588901797
0.1344565064920578,0.18253925851356043,0,0,0.18369580351479062,0.1928654602699013,0,0.20632566975573322,0.10011730145395673
0.1312282403450803,0.17815653785445637,0,0,0.17928531450759885,0.1882348101618879,0.22538158634095207,0,0.09771351079002452
0.10923199262357561,0.14829425112754938,0,0,0.1492338242158229,0.15668322108896074,0.18760351972979572,0.1676182478989502,0.08133494331534545
0.22168954698579188,0.30096755138721315,0,0.31227123805466594,0,0,0,0,0.16507166357232897
0.1654169783259957,0.22457144958592645,0,0.23300586482064076,0,0,0,0.25383501127999836,0.12317069598743877
0.16055770379994827,0.21797445854368988,0,0.22616110514239765,0,0,0.27575428799880025,0,0.11955244451516392
0.12881939131427456,0.17488626460828688,0,0.18145461235362223,0,0,0.2212444416654522,0.19767542593421136,0.09591986412415271
0.1682023433723395,0.22835288406994095,0,0.23692932175977968,0,0.2412707515563664,0,0,0.1252446992415735
0.13369455015989684,0.18150482033335538,0,0.18832174663728424,0,0.1917725041717413,0,0.2051564355203709,0.09954994317735139
0.1305023347529589,0.17717104245528417,0,0.18382520148747805,0,0.18719356552606017,0.22413485961920476,0,0.09717299615901391
0.10872857535493133,0.1476108077052954,0,0.15315474860968742,0,0.15596111543741586,0.18673891175898,0.16684574601094548,0.08096009512274449
0.17015419117053457,0.23100272868593877,0,0.23967868877651013,0.23246633193111363,0,0,0,0.12669805943590282
0.13492475261928302,0.1831749533050995,0,0.19005460617113967,0.18433552598585162,0,0,0.20704420096207526,0.1004659609565508
0.1316742341714732,0.17876202273946037,0,0.18547593553096664,0.17989463566608604,0,0.22614757082589507,0,0.09804560106611852
0.109540827696294,0.14871352816105113,0,0.1542988848474974,0.14965575773407852,0,0.1881339371035558,0.1680921602806202,0.08156490417690278
0.13677214558799733,0.1856829891859231,0,0.19265683842501707,0.18685945245582572,0.19618703102693819,0,0,0.1018415433182985
0.1130461305243095,0.1534723560957129,0,0.1592364440095948,0.1544447369836101,0.16215425020424842,0,0.17347110379593222,0.084174978386592
0.1107553647975229,0.15036239371378382,0,0.156009678204337,0.151315070284505,0.15886835800167728,0.1902198775827171,0,0.08246925741545677
0.09466627419906926,0.12851971205692622,0,0.13334663292924875,0.1293339962374875,0.13579004112023874,0.16258722204815154,0.14526691892412505,0.07048920248475281
0.25811844936197537,0.35042372871697447,0.19926093030296235,0,0,0,0,0,0.1921968916180878
0.184887092522591,0.2510042366733315,0.14272817052839676,0,0,0,0,0.2837122143744461,0.13766828590123473
0.1788375099248757,0.24279127360806907,0.1380580454003983,0,0,0,0.30714944876303324,0,0.1331637223036237
0.1403275548033547,0.19050984196393983,0.10832933169393034,0,0,0,0.24100945669742546,0.21533488772963733,0.10448892711171229
0.1883736492858037,0.2557376147963149,0.14541970438004165,0,0,0.2702046298843375,0,0,0.14026440165350226
0.14613229777789602,0.19839040874407673,0.112810446810404,0,0,0.20961330623964253,0,0.22424235909884824,0.10881118132913255
0.14232695677999385,0.19322424652351256,0.10987281957284595,0,0,0.20415489547030072,0.2444433851570557,0,0.10597769649629125
0.11681435167518335,0.15858812410680767,0.09017773214223958,0,0,0.16755941597586538,0.20062605288854424,0.17925349970243076,0.08698082350892901
0.19082512138449165,0.25906575346982424,0.14731217898696633,0,0.2607071603902057,0,0,0,0.142089785768512
0.14760330071072408,0.20038745441806624,0.11394602395957033,0,0.20165708326724469,0,0,0.226499636736404,0.10990650090799056
0.14372198056688054,0.19511814228438534,0.11094974273838062,0,0.19635438545720157,0,0.24683930750764957,0,0.10701644144550221
0.11775242615920699,0.15986166173776106,0.09090190197528351,0,0.16087452443522526,0,0.2022371749668351,0.18069299007181927,0.08767932065386864
0.1498170441628289,0.20339285072672558,0.1156549780494808,0,0.20468152137603954,0.2148987351567616,0,0,0.11155487052816355
0.12181270901539203,0.16537393512088008,0.09403633789498025,0,0.16642172286558385,0.17472909867968997,0,0.18692355935817495,0.09070263706529884
0.11915704858389164,0.161768588688214,0.09198623504701434,0,0.16279353342682495,0.17091979867030632,0.20464958276452427,0,0.08872521281922434
0.10073737936691766,0.13676189434032768,0.07776671515946086,0,0.13762839991587394,0.14449848166426868,0.17301421024805638,0.1545831273590646,0.07500979194603007
0.1892940093416124,0.2569871031739022,0.1461301991214576,0.2666389798578335,0,0,0,0,0.1409497085051943
0.1466855642202379,0.1991415278143278,0.113237554544388,0.20662085049385115,0,0,0,0.22509135534490424,0.10922314758229094
0.14285173211517097,0.19393668583246554,0.11027793289095984,0.20122052596695902,0,0,0.24534467513247415,0,0.10636844806197047
0.1171676198799918,0.1590677239256975,0.09045044628301714,0.16504196168612523,0,0,0.20123278317917512,0.17979559543927645,0.08724386960671673
0.14887166110773903,0.20210939091961258,0.1149251661839768,0.20970018008268007,0,0.213542670338418,0,0,0.11085093136757347
0.12118698454975353,0.16452444644256023,0.0935532943952047,0.17070362683310722,0,0.17383155463205674,0,0.18596337511106278,0.09023671803625473
0.11855824271760326,0.16095564492165626,0.09152397202675201,0.16700078888872608,0,0.1700608668712651,0.2036211469971967,0,0.08827933757680063
0.10030906230521723,0.13618040757638203,0.0774360651947256,0.14129504751146585,0,0.143884100334562,0.17227858521361952,0.15392586794537927,0.07469086391864846
0.1503986192764382,0.20418240188180078,0.11610393936342518,0.21185104882809697,0.20547607502454573,0,0,0,0.11198791562569313
0.12219690564510748,0.16589552362367083,0.09433292799942879,0.17212619869123777,0.16694661608529146,0,0,0.18751311526002057,0.09098871269524307
0.11952465066485529,0.16226764829520382,0.0922700145785247,0.16836206825555883,0.16329575501057791,0,0.2052809311688918,0,0.08899893202638755
0.10099999025064459,0.13711841703486857,0.07796944413574464,0.14226828656517276,0.13798718149183875,0,0.17346523860452243,0.15498610797996376,0.07520533393724439
0.12371024339598928,0.16795004339466355,0.09550118655997988,0.17425788175653364,0.16901415302634623,0.177450936776186,0,0,0.09211555509030141
0.1039725729573629,0.1411540197536306,0.0802642029838909,0.1464554577451757,0.142048353264564,0.149139068551154,0,0.1595475839090159,0.07741874083520596
0.10203162540535153,0.13851897340145727,0.07876584044592032,0.14372144478287482,0.13939661160141245,0.14635495826341183,0.17523704905539433,0,0.07597349704417737
0.08821921608014806,0.11976713295662644,0.06810300894872008,0.12426532599358643,0.12052596193435218,0.12654233073468008,0.15151454301005876,0.13537380464468235,0.06568867569714555
